service,city,filename,url
GST Notice Reply,Mumbai,article-gst-notice-reply-mumbai.html,https://taxamc.com/article-gst-notice-reply-mumbai.html
GST Notice Reply,Delhi,article-gst-notice-reply-delhi.html,https://taxamc.com/article-gst-notice-reply-delhi.html
GST Notice Reply,Bangalore,article-gst-notice-reply-bangalore.html,https://taxamc.com/article-gst-notice-reply-bangalore.html
GST Notice Reply,Chennai,article-gst-notice-reply-chennai.html,https://taxamc.com/article-gst-notice-reply-chennai.html
GST Notice Reply,Hyderabad,article-gst-notice-reply-hyderabad.html,https://taxamc.com/article-gst-notice-reply-hyderabad.html
GST Notice Reply,Kolkata,article-gst-notice-reply-kolkata.html,https://taxamc.com/article-gst-notice-reply-kolkata.html
GST Notice Reply,Pune,article-gst-notice-reply-pune.html,https://taxamc.com/article-gst-notice-reply-pune.html
GST Notice Reply,Ahmedabad,article-gst-notice-reply-ahmedabad.html,https://taxamc.com/article-gst-notice-reply-ahmedabad.html
GST Notice Reply,Noida,article-gst-notice-reply-noida.html,https://taxamc.com/article-gst-notice-reply-noida.html
GST Notice Reply,Gurugram,article-gst-notice-reply-gurugram.html,https://taxamc.com/article-gst-notice-reply-gurugram.html
GST Notice Reply,Ghaziabad,article-gst-notice-reply-ghaziabad.html,https://taxamc.com/article-gst-notice-reply-ghaziabad.html
GST Notice Reply,Faridabad,article-gst-notice-reply-faridabad.html,https://taxamc.com/article-gst-notice-reply-faridabad.html
GST Notice Reply,Meerut,article-gst-notice-reply-meerut.html,https://taxamc.com/article-gst-notice-reply-meerut.html
GST Notice Reply,Lucknow,article-gst-notice-reply-lucknow.html,https://taxamc.com/article-gst-notice-reply-lucknow.html
GST Notice Reply,Kanpur,article-gst-notice-reply-kanpur.html,https://taxamc.com/article-gst-notice-reply-kanpur.html
GST Notice Reply,Agra,article-gst-notice-reply-agra.html,https://taxamc.com/article-gst-notice-reply-agra.html
GST Notice Reply,Varanasi,article-gst-notice-reply-varanasi.html,https://taxamc.com/article-gst-notice-reply-varanasi.html
GST Notice Reply,Prayagraj,article-gst-notice-reply-prayagraj.html,https://taxamc.com/article-gst-notice-reply-prayagraj.html
GST Notice Reply,Surat,article-gst-notice-reply-surat.html,https://taxamc.com/article-gst-notice-reply-surat.html
GST Notice Reply,Vadodara,article-gst-notice-reply-vadodara.html,https://taxamc.com/article-gst-notice-reply-vadodara.html
GST Notice Reply,Rajkot,article-gst-notice-reply-rajkot.html,https://taxamc.com/article-gst-notice-reply-rajkot.html
GST Notice Reply,Jaipur,article-gst-notice-reply-jaipur.html,https://taxamc.com/article-gst-notice-reply-jaipur.html
GST Notice Reply,Jodhpur,article-gst-notice-reply-jodhpur.html,https://taxamc.com/article-gst-notice-reply-jodhpur.html
GST Notice Reply,Chandigarh,article-gst-notice-reply-chandigarh.html,https://taxamc.com/article-gst-notice-reply-chandigarh.html
GST Notice Reply,Ludhiana,article-gst-notice-reply-ludhiana.html,https://taxamc.com/article-gst-notice-reply-ludhiana.html
GST Notice Reply,Amritsar,article-gst-notice-reply-amritsar.html,https://taxamc.com/article-gst-notice-reply-amritsar.html
GST Notice Reply,Indore,article-gst-notice-reply-indore.html,https://taxamc.com/article-gst-notice-reply-indore.html
GST Notice Reply,Bhopal,article-gst-notice-reply-bhopal.html,https://taxamc.com/article-gst-notice-reply-bhopal.html
GST Notice Reply,Nagpur,article-gst-notice-reply-nagpur.html,https://taxamc.com/article-gst-notice-reply-nagpur.html
GST Notice Reply,Nashik,article-gst-notice-reply-nashik.html,https://taxamc.com/article-gst-notice-reply-nashik.html
GST Notice Reply,Visakhapatnam,article-gst-notice-reply-visakhapatnam.html,https://taxamc.com/article-gst-notice-reply-visakhapatnam.html
GST Notice Reply,Coimbatore,article-gst-notice-reply-coimbatore.html,https://taxamc.com/article-gst-notice-reply-coimbatore.html
GST Notice Reply,Tiruppur,article-gst-notice-reply-tiruppur.html,https://taxamc.com/article-gst-notice-reply-tiruppur.html
GST Notice Reply,Kochi,article-gst-notice-reply-kochi.html,https://taxamc.com/article-gst-notice-reply-kochi.html
GST Notice Reply,Thiruvananthapuram,article-gst-notice-reply-thiruvananthapuram.html,https://taxamc.com/article-gst-notice-reply-thiruvananthapuram.html
GST Notice Reply,Patna,article-gst-notice-reply-patna.html,https://taxamc.com/article-gst-notice-reply-patna.html
GST Notice Reply,Ranchi,article-gst-notice-reply-ranchi.html,https://taxamc.com/article-gst-notice-reply-ranchi.html
GST Notice Reply,Jamshedpur,article-gst-notice-reply-jamshedpur.html,https://taxamc.com/article-gst-notice-reply-jamshedpur.html
GST Notice Reply,Bhubaneswar,article-gst-notice-reply-bhubaneswar.html,https://taxamc.com/article-gst-notice-reply-bhubaneswar.html
GST Notice Reply,Guwahati,article-gst-notice-reply-guwahati.html,https://taxamc.com/article-gst-notice-reply-guwahati.html
GST Notice Reply,Dehradun,article-gst-notice-reply-dehradun.html,https://taxamc.com/article-gst-notice-reply-dehradun.html
GST Notice Reply,Haridwar,article-gst-notice-reply-haridwar.html,https://taxamc.com/article-gst-notice-reply-haridwar.html
GST Notice Reply,Mathura,article-gst-notice-reply-mathura.html,https://taxamc.com/article-gst-notice-reply-mathura.html
GST Notice Reply,Aligarh,article-gst-notice-reply-aligarh.html,https://taxamc.com/article-gst-notice-reply-aligarh.html
GST Notice Reply,Moradabad,article-gst-notice-reply-moradabad.html,https://taxamc.com/article-gst-notice-reply-moradabad.html
GST Notice Reply,Bareilly,article-gst-notice-reply-bareilly.html,https://taxamc.com/article-gst-notice-reply-bareilly.html
GST Notice Reply,Hapur,article-gst-notice-reply-hapur.html,https://taxamc.com/article-gst-notice-reply-hapur.html
GST Notice Reply,Raipur,article-gst-notice-reply-raipur.html,https://taxamc.com/article-gst-notice-reply-raipur.html
GST Notice Reply,Mysuru,article-gst-notice-reply-mysuru.html,https://taxamc.com/article-gst-notice-reply-mysuru.html
GST Notice Reply,Mangaluru,article-gst-notice-reply-mangaluru.html,https://taxamc.com/article-gst-notice-reply-mangaluru.html
GST Notice Reply,Madurai,article-gst-notice-reply-madurai.html,https://taxamc.com/article-gst-notice-reply-madurai.html
GST Notice Reply,Tiruchirappalli,article-gst-notice-reply-tiruchirappalli.html,https://taxamc.com/article-gst-notice-reply-tiruchirappalli.html
GST Notice Reply,Vijayawada,article-gst-notice-reply-vijayawada.html,https://taxamc.com/article-gst-notice-reply-vijayawada.html
GST Notice Reply,Kozhikode,article-gst-notice-reply-kozhikode.html,https://taxamc.com/article-gst-notice-reply-kozhikode.html
GST Notice Reply,Udaipur,article-gst-notice-reply-udaipur.html,https://taxamc.com/article-gst-notice-reply-udaipur.html
GST Notice Reply,Kota,article-gst-notice-reply-kota.html,https://taxamc.com/article-gst-notice-reply-kota.html
GST Notice Reply,Siliguri,article-gst-notice-reply-siliguri.html,https://taxamc.com/article-gst-notice-reply-siliguri.html
GST Notice Reply,Aurangabad,article-gst-notice-reply-aurangabad.html,https://taxamc.com/article-gst-notice-reply-aurangabad.html
GST Notice Reply,Warangal,article-gst-notice-reply-warangal.html,https://taxamc.com/article-gst-notice-reply-warangal.html
GST Notice Reply,Jalandhar,article-gst-notice-reply-jalandhar.html,https://taxamc.com/article-gst-notice-reply-jalandhar.html
GST Notice Reply,Tirupati,article-gst-notice-reply-tirupati.html,https://taxamc.com/article-gst-notice-reply-tirupati.html
GST Notice Reply,Jabalpur,article-gst-notice-reply-jabalpur.html,https://taxamc.com/article-gst-notice-reply-jabalpur.html
GST Notice Reply,Gwalior,article-gst-notice-reply-gwalior.html,https://taxamc.com/article-gst-notice-reply-gwalior.html
GST Notice Reply,Durgapur,article-gst-notice-reply-durgapur.html,https://taxamc.com/article-gst-notice-reply-durgapur.html
GST Notice Reply,Srinagar,article-gst-notice-reply-srinagar.html,https://taxamc.com/article-gst-notice-reply-srinagar.html
GST Notice Reply,Jammu,article-gst-notice-reply-jammu.html,https://taxamc.com/article-gst-notice-reply-jammu.html
GST Notice Reply,Shimla,article-gst-notice-reply-shimla.html,https://taxamc.com/article-gst-notice-reply-shimla.html
GST Notice Reply,Kolhapur,article-gst-notice-reply-kolhapur.html,https://taxamc.com/article-gst-notice-reply-kolhapur.html
GST Notice Reply,Roorkee,article-gst-notice-reply-roorkee.html,https://taxamc.com/article-gst-notice-reply-roorkee.html
GST Notice Reply,Saharanpur,article-gst-notice-reply-saharanpur.html,https://taxamc.com/article-gst-notice-reply-saharanpur.html
GST Notice Reply,Muzaffarnagar,article-gst-notice-reply-muzaffarnagar.html,https://taxamc.com/article-gst-notice-reply-muzaffarnagar.html
GST Notice Reply,Bhavnagar,article-gst-notice-reply-bhavnagar.html,https://taxamc.com/article-gst-notice-reply-bhavnagar.html
GST Notice Reply,Gandhinagar,article-gst-notice-reply-gandhinagar.html,https://taxamc.com/article-gst-notice-reply-gandhinagar.html
GST Notice Reply,Dibrugarh,article-gst-notice-reply-dibrugarh.html,https://taxamc.com/article-gst-notice-reply-dibrugarh.html
GST Notice Reply,Thane,article-gst-notice-reply-thane.html,https://taxamc.com/article-gst-notice-reply-thane.html
GST Notice Reply,Navi Mumbai,article-gst-notice-reply-navi-mumbai.html,https://taxamc.com/article-gst-notice-reply-navi-mumbai.html
GST Notice Reply,Greater Noida,article-gst-notice-reply-greater-noida.html,https://taxamc.com/article-gst-notice-reply-greater-noida.html
GST Notice Reply,Panipat,article-gst-notice-reply-panipat.html,https://taxamc.com/article-gst-notice-reply-panipat.html
GST Notice Reply,Ambala,article-gst-notice-reply-ambala.html,https://taxamc.com/article-gst-notice-reply-ambala.html
GST Notice Reply,Rohtak,article-gst-notice-reply-rohtak.html,https://taxamc.com/article-gst-notice-reply-rohtak.html
GST Notice Reply,Hisar,article-gst-notice-reply-hisar.html,https://taxamc.com/article-gst-notice-reply-hisar.html
GST Notice Reply,Karnal,article-gst-notice-reply-karnal.html,https://taxamc.com/article-gst-notice-reply-karnal.html
GST Notice Reply,Sonipat,article-gst-notice-reply-sonipat.html,https://taxamc.com/article-gst-notice-reply-sonipat.html
GST Notice Reply,Patiala,article-gst-notice-reply-patiala.html,https://taxamc.com/article-gst-notice-reply-patiala.html
GST Notice Reply,Bathinda,article-gst-notice-reply-bathinda.html,https://taxamc.com/article-gst-notice-reply-bathinda.html
GST Notice Reply,Mohali,article-gst-notice-reply-mohali.html,https://taxamc.com/article-gst-notice-reply-mohali.html
GST Notice Reply,Ajmer,article-gst-notice-reply-ajmer.html,https://taxamc.com/article-gst-notice-reply-ajmer.html
GST Notice Reply,Bikaner,article-gst-notice-reply-bikaner.html,https://taxamc.com/article-gst-notice-reply-bikaner.html
GST Notice Reply,Alwar,article-gst-notice-reply-alwar.html,https://taxamc.com/article-gst-notice-reply-alwar.html
GST Notice Reply,Panaji,article-gst-notice-reply-panaji.html,https://taxamc.com/article-gst-notice-reply-panaji.html
GST Notice Reply,Margao,article-gst-notice-reply-margao.html,https://taxamc.com/article-gst-notice-reply-margao.html
GST Notice Reply,Vasco da Gama,article-gst-notice-reply-vasco-da-gama.html,https://taxamc.com/article-gst-notice-reply-vasco-da-gama.html
GST Notice Reply,Puducherry,article-gst-notice-reply-puducherry.html,https://taxamc.com/article-gst-notice-reply-puducherry.html
GST Notice Reply,Solapur,article-gst-notice-reply-solapur.html,https://taxamc.com/article-gst-notice-reply-solapur.html
GST Notice Reply,Amravati,article-gst-notice-reply-amravati.html,https://taxamc.com/article-gst-notice-reply-amravati.html
GST Notice Reply,Sangli,article-gst-notice-reply-sangli.html,https://taxamc.com/article-gst-notice-reply-sangli.html
GST Notice Reply,Jalgaon,article-gst-notice-reply-jalgaon.html,https://taxamc.com/article-gst-notice-reply-jalgaon.html
GST Notice Reply,Nanded,article-gst-notice-reply-nanded.html,https://taxamc.com/article-gst-notice-reply-nanded.html
GST Notice Reply,Latur,article-gst-notice-reply-latur.html,https://taxamc.com/article-gst-notice-reply-latur.html
GST Notice Reply,Satara,article-gst-notice-reply-satara.html,https://taxamc.com/article-gst-notice-reply-satara.html
GST Notice Reply,Hubli,article-gst-notice-reply-hubli.html,https://taxamc.com/article-gst-notice-reply-hubli.html
GST Notice Reply,Belgaum,article-gst-notice-reply-belgaum.html,https://taxamc.com/article-gst-notice-reply-belgaum.html
GST Notice Reply,Davangere,article-gst-notice-reply-davangere.html,https://taxamc.com/article-gst-notice-reply-davangere.html
GST Notice Reply,Salem,article-gst-notice-reply-salem.html,https://taxamc.com/article-gst-notice-reply-salem.html
GST Notice Reply,Erode,article-gst-notice-reply-erode.html,https://taxamc.com/article-gst-notice-reply-erode.html
GST Notice Reply,Vellore,article-gst-notice-reply-vellore.html,https://taxamc.com/article-gst-notice-reply-vellore.html
GST Notice Reply,Guntur,article-gst-notice-reply-guntur.html,https://taxamc.com/article-gst-notice-reply-guntur.html
GST Notice Reply,Rajahmundry,article-gst-notice-reply-rajahmundry.html,https://taxamc.com/article-gst-notice-reply-rajahmundry.html
GST Notice Reply,Karimnagar,article-gst-notice-reply-karimnagar.html,https://taxamc.com/article-gst-notice-reply-karimnagar.html
GST Notice Reply,Nizamabad,article-gst-notice-reply-nizamabad.html,https://taxamc.com/article-gst-notice-reply-nizamabad.html
GST Notice Reply,Thrissur,article-gst-notice-reply-thrissur.html,https://taxamc.com/article-gst-notice-reply-thrissur.html
GST Notice Reply,Kollam,article-gst-notice-reply-kollam.html,https://taxamc.com/article-gst-notice-reply-kollam.html
GST Notice Reply,Kannur,article-gst-notice-reply-kannur.html,https://taxamc.com/article-gst-notice-reply-kannur.html
GST Notice Reply,Palakkad,article-gst-notice-reply-palakkad.html,https://taxamc.com/article-gst-notice-reply-palakkad.html
GST Notice Reply,Muzaffarpur,article-gst-notice-reply-muzaffarpur.html,https://taxamc.com/article-gst-notice-reply-muzaffarpur.html
GST Notice Reply,Gaya,article-gst-notice-reply-gaya.html,https://taxamc.com/article-gst-notice-reply-gaya.html
GST Notice Reply,Bhagalpur,article-gst-notice-reply-bhagalpur.html,https://taxamc.com/article-gst-notice-reply-bhagalpur.html
GST Notice Reply,Darbhanga,article-gst-notice-reply-darbhanga.html,https://taxamc.com/article-gst-notice-reply-darbhanga.html
GST Notice Reply,Cuttack,article-gst-notice-reply-cuttack.html,https://taxamc.com/article-gst-notice-reply-cuttack.html
GST Notice Reply,Rourkela,article-gst-notice-reply-rourkela.html,https://taxamc.com/article-gst-notice-reply-rourkela.html
GST Notice Reply,Asansol,article-gst-notice-reply-asansol.html,https://taxamc.com/article-gst-notice-reply-asansol.html
GST Notice Reply,Howrah,article-gst-notice-reply-howrah.html,https://taxamc.com/article-gst-notice-reply-howrah.html
GST Notice Reply,Burdwan,article-gst-notice-reply-burdwan.html,https://taxamc.com/article-gst-notice-reply-burdwan.html
GST Notice Reply,Malda,article-gst-notice-reply-malda.html,https://taxamc.com/article-gst-notice-reply-malda.html
GST Notice Reply,Dhanbad,article-gst-notice-reply-dhanbad.html,https://taxamc.com/article-gst-notice-reply-dhanbad.html
GST Notice Reply,Bokaro,article-gst-notice-reply-bokaro.html,https://taxamc.com/article-gst-notice-reply-bokaro.html
GST Notice Reply,Bhilai,article-gst-notice-reply-bhilai.html,https://taxamc.com/article-gst-notice-reply-bhilai.html
GST Notice Reply,Bilaspur,article-gst-notice-reply-bilaspur.html,https://taxamc.com/article-gst-notice-reply-bilaspur.html
GST Notice Reply,Korba,article-gst-notice-reply-korba.html,https://taxamc.com/article-gst-notice-reply-korba.html
GST Notice Reply,Anand,article-gst-notice-reply-anand.html,https://taxamc.com/article-gst-notice-reply-anand.html
GST Notice Reply,Jamnagar,article-gst-notice-reply-jamnagar.html,https://taxamc.com/article-gst-notice-reply-jamnagar.html
GST Notice Reply,Morbi,article-gst-notice-reply-morbi.html,https://taxamc.com/article-gst-notice-reply-morbi.html
GST Notice Reply,Junagadh,article-gst-notice-reply-junagadh.html,https://taxamc.com/article-gst-notice-reply-junagadh.html
GST Notice Reply,Navsari,article-gst-notice-reply-navsari.html,https://taxamc.com/article-gst-notice-reply-navsari.html
GST Notice Reply,Baddi,article-gst-notice-reply-baddi.html,https://taxamc.com/article-gst-notice-reply-baddi.html
GST Notice Reply,Solan,article-gst-notice-reply-solan.html,https://taxamc.com/article-gst-notice-reply-solan.html
GST Notice Reply,Haldwani,article-gst-notice-reply-haldwani.html,https://taxamc.com/article-gst-notice-reply-haldwani.html
GST Notice Reply,Rudrapur,article-gst-notice-reply-rudrapur.html,https://taxamc.com/article-gst-notice-reply-rudrapur.html
GST Notice Reply,Rishikesh,article-gst-notice-reply-rishikesh.html,https://taxamc.com/article-gst-notice-reply-rishikesh.html
GST Notice Reply,Ujjain,article-gst-notice-reply-ujjain.html,https://taxamc.com/article-gst-notice-reply-ujjain.html
GST Notice Reply,Sagar,article-gst-notice-reply-sagar.html,https://taxamc.com/article-gst-notice-reply-sagar.html
GST Notice Reply,Satna,article-gst-notice-reply-satna.html,https://taxamc.com/article-gst-notice-reply-satna.html
GST Notice Reply,Rewa,article-gst-notice-reply-rewa.html,https://taxamc.com/article-gst-notice-reply-rewa.html
GST Notice Reply,Gorakhpur,article-gst-notice-reply-gorakhpur.html,https://taxamc.com/article-gst-notice-reply-gorakhpur.html
GST Notice Reply,Firozabad,article-gst-notice-reply-firozabad.html,https://taxamc.com/article-gst-notice-reply-firozabad.html
GST Notice Reply,Bulandshahr,article-gst-notice-reply-bulandshahr.html,https://taxamc.com/article-gst-notice-reply-bulandshahr.html
GST Notice Reply,Shahjahanpur,article-gst-notice-reply-shahjahanpur.html,https://taxamc.com/article-gst-notice-reply-shahjahanpur.html
GST Notice Reply,Jhansi,article-gst-notice-reply-jhansi.html,https://taxamc.com/article-gst-notice-reply-jhansi.html
GST Notice Reply,Silchar,article-gst-notice-reply-silchar.html,https://taxamc.com/article-gst-notice-reply-silchar.html
GST Notice Reply,Jorhat,article-gst-notice-reply-jorhat.html,https://taxamc.com/article-gst-notice-reply-jorhat.html
GST Notice Reply,Imphal,article-gst-notice-reply-imphal.html,https://taxamc.com/article-gst-notice-reply-imphal.html
GST Notice Reply,Shillong,article-gst-notice-reply-shillong.html,https://taxamc.com/article-gst-notice-reply-shillong.html
GST Notice Reply,Agartala,article-gst-notice-reply-agartala.html,https://taxamc.com/article-gst-notice-reply-agartala.html
GST Notice Reply,Aizawl,article-gst-notice-reply-aizawl.html,https://taxamc.com/article-gst-notice-reply-aizawl.html
GST Notice Reply,Dimapur,article-gst-notice-reply-dimapur.html,https://taxamc.com/article-gst-notice-reply-dimapur.html
GST Notice Reply,Gangtok,article-gst-notice-reply-gangtok.html,https://taxamc.com/article-gst-notice-reply-gangtok.html
GST Notice Reply,Itanagar,article-gst-notice-reply-itanagar.html,https://taxamc.com/article-gst-notice-reply-itanagar.html
GST Notice Reply,Mau,article-gst-notice-reply-mau.html,https://taxamc.com/article-gst-notice-reply-mau.html
GST Notice Reply,Rampur,article-gst-notice-reply-rampur.html,https://taxamc.com/article-gst-notice-reply-rampur.html
GST Notice Reply,Etawah,article-gst-notice-reply-etawah.html,https://taxamc.com/article-gst-notice-reply-etawah.html
GST Notice Reply,Bhilwara,article-gst-notice-reply-bhilwara.html,https://taxamc.com/article-gst-notice-reply-bhilwara.html
GST Notice Reply,Sikar,article-gst-notice-reply-sikar.html,https://taxamc.com/article-gst-notice-reply-sikar.html
GST Notice Reply,Kurnool,article-gst-notice-reply-kurnool.html,https://taxamc.com/article-gst-notice-reply-kurnool.html
GST Notice Reply,Nellore,article-gst-notice-reply-nellore.html,https://taxamc.com/article-gst-notice-reply-nellore.html
GST Notice Reply,Kadapa,article-gst-notice-reply-kadapa.html,https://taxamc.com/article-gst-notice-reply-kadapa.html
GST Notice Reply,Bharuch,article-gst-notice-reply-bharuch.html,https://taxamc.com/article-gst-notice-reply-bharuch.html
GST Notice Reply,Vapi,article-gst-notice-reply-vapi.html,https://taxamc.com/article-gst-notice-reply-vapi.html
GST Notice Reply,Mehsana,article-gst-notice-reply-mehsana.html,https://taxamc.com/article-gst-notice-reply-mehsana.html
GST Notice Reply,Akola,article-gst-notice-reply-akola.html,https://taxamc.com/article-gst-notice-reply-akola.html
GST Notice Reply,Tumkur,article-gst-notice-reply-tumkur.html,https://taxamc.com/article-gst-notice-reply-tumkur.html
GST Notice Reply,Thanjavur,article-gst-notice-reply-thanjavur.html,https://taxamc.com/article-gst-notice-reply-thanjavur.html
GST Notice Reply,Thoothukudi,article-gst-notice-reply-thoothukudi.html,https://taxamc.com/article-gst-notice-reply-thoothukudi.html
GST Notice Reply,Lakhimpur Kheri,article-gst-notice-reply-lakhimpur-kheri.html,https://taxamc.com/article-gst-notice-reply-lakhimpur-kheri.html
GST Notice Reply,Unnao,article-gst-notice-reply-unnao.html,https://taxamc.com/article-gst-notice-reply-unnao.html
GST Notice Reply,Ganganagar,article-gst-notice-reply-ganganagar.html,https://taxamc.com/article-gst-notice-reply-ganganagar.html
GST Notice Reply,Barmer,article-gst-notice-reply-barmer.html,https://taxamc.com/article-gst-notice-reply-barmer.html
GST Notice Reply,Surendranagar,article-gst-notice-reply-surendranagar.html,https://taxamc.com/article-gst-notice-reply-surendranagar.html
GST Notice Reply,Gandhidham,article-gst-notice-reply-gandhidham.html,https://taxamc.com/article-gst-notice-reply-gandhidham.html
GST Notice Reply,Bhuj,article-gst-notice-reply-bhuj.html,https://taxamc.com/article-gst-notice-reply-bhuj.html
GST Notice Reply,Anantapur,article-gst-notice-reply-anantapur.html,https://taxamc.com/article-gst-notice-reply-anantapur.html
GST Notice Reply,Purnia,article-gst-notice-reply-purnia.html,https://taxamc.com/article-gst-notice-reply-purnia.html
GST Notice Reply,Dewas,article-gst-notice-reply-dewas.html,https://taxamc.com/article-gst-notice-reply-dewas.html
GST Notice Reply,Ratlam,article-gst-notice-reply-ratlam.html,https://taxamc.com/article-gst-notice-reply-ratlam.html
GST Notice Reply,Khammam,article-gst-notice-reply-khammam.html,https://taxamc.com/article-gst-notice-reply-khammam.html
GST Notice Reply,Krishnanagar,article-gst-notice-reply-krishnanagar.html,https://taxamc.com/article-gst-notice-reply-krishnanagar.html
GST Notice Reply,Dharamsala,article-gst-notice-reply-dharamsala.html,https://taxamc.com/article-gst-notice-reply-dharamsala.html
GST Notice Reply,Mirzapur,article-gst-notice-reply-mirzapur.html,https://taxamc.com/article-gst-notice-reply-mirzapur.html
GST Notice Reply,Azamgarh,article-gst-notice-reply-azamgarh.html,https://taxamc.com/article-gst-notice-reply-azamgarh.html
GST Notice Reply,Jaunpur,article-gst-notice-reply-jaunpur.html,https://taxamc.com/article-gst-notice-reply-jaunpur.html
GST Notice Reply,Ballia,article-gst-notice-reply-ballia.html,https://taxamc.com/article-gst-notice-reply-ballia.html
GST Notice Reply,Sultanpur,article-gst-notice-reply-sultanpur.html,https://taxamc.com/article-gst-notice-reply-sultanpur.html
GST Notice Reply,Bahraich,article-gst-notice-reply-bahraich.html,https://taxamc.com/article-gst-notice-reply-bahraich.html
GST Notice Reply,Gonda,article-gst-notice-reply-gonda.html,https://taxamc.com/article-gst-notice-reply-gonda.html
GST Notice Reply,Faizabad,article-gst-notice-reply-faizabad.html,https://taxamc.com/article-gst-notice-reply-faizabad.html
GST Notice Reply,Port Blair,article-gst-notice-reply-port-blair.html,https://taxamc.com/article-gst-notice-reply-port-blair.html
GST Notice Reply,Kavaratti,article-gst-notice-reply-kavaratti.html,https://taxamc.com/article-gst-notice-reply-kavaratti.html
GST Notice Reply,Leh,article-gst-notice-reply-leh.html,https://taxamc.com/article-gst-notice-reply-leh.html
GST Notice Reply,Tiruvannamalai,article-gst-notice-reply-tiruvannamalai.html,https://taxamc.com/article-gst-notice-reply-tiruvannamalai.html
GST Notice Reply,Dindigul,article-gst-notice-reply-dindigul.html,https://taxamc.com/article-gst-notice-reply-dindigul.html
GST Notice Reply,Nagapattinam,article-gst-notice-reply-nagapattinam.html,https://taxamc.com/article-gst-notice-reply-nagapattinam.html
GST Notice Reply,Shimoga,article-gst-notice-reply-shimoga.html,https://taxamc.com/article-gst-notice-reply-shimoga.html
GST Notice Reply,Hassan,article-gst-notice-reply-hassan.html,https://taxamc.com/article-gst-notice-reply-hassan.html
Business Loan Documentation,Mumbai,article-business-loan-docs-mumbai.html,https://taxamc.com/article-business-loan-docs-mumbai.html
Business Loan Documentation,Delhi,article-business-loan-docs-delhi.html,https://taxamc.com/article-business-loan-docs-delhi.html
Business Loan Documentation,Bangalore,article-business-loan-docs-bangalore.html,https://taxamc.com/article-business-loan-docs-bangalore.html
Business Loan Documentation,Chennai,article-business-loan-docs-chennai.html,https://taxamc.com/article-business-loan-docs-chennai.html
Business Loan Documentation,Hyderabad,article-business-loan-docs-hyderabad.html,https://taxamc.com/article-business-loan-docs-hyderabad.html
Business Loan Documentation,Kolkata,article-business-loan-docs-kolkata.html,https://taxamc.com/article-business-loan-docs-kolkata.html
Business Loan Documentation,Pune,article-business-loan-docs-pune.html,https://taxamc.com/article-business-loan-docs-pune.html
Business Loan Documentation,Ahmedabad,article-business-loan-docs-ahmedabad.html,https://taxamc.com/article-business-loan-docs-ahmedabad.html
Business Loan Documentation,Noida,article-business-loan-docs-noida.html,https://taxamc.com/article-business-loan-docs-noida.html
Business Loan Documentation,Gurugram,article-business-loan-docs-gurugram.html,https://taxamc.com/article-business-loan-docs-gurugram.html
Business Loan Documentation,Ghaziabad,article-business-loan-docs-ghaziabad.html,https://taxamc.com/article-business-loan-docs-ghaziabad.html
Business Loan Documentation,Faridabad,article-business-loan-docs-faridabad.html,https://taxamc.com/article-business-loan-docs-faridabad.html
Business Loan Documentation,Meerut,article-business-loan-docs-meerut.html,https://taxamc.com/article-business-loan-docs-meerut.html
Business Loan Documentation,Lucknow,article-business-loan-docs-lucknow.html,https://taxamc.com/article-business-loan-docs-lucknow.html
Business Loan Documentation,Kanpur,article-business-loan-docs-kanpur.html,https://taxamc.com/article-business-loan-docs-kanpur.html
Business Loan Documentation,Agra,article-business-loan-docs-agra.html,https://taxamc.com/article-business-loan-docs-agra.html
Business Loan Documentation,Varanasi,article-business-loan-docs-varanasi.html,https://taxamc.com/article-business-loan-docs-varanasi.html
Business Loan Documentation,Prayagraj,article-business-loan-docs-prayagraj.html,https://taxamc.com/article-business-loan-docs-prayagraj.html
Business Loan Documentation,Surat,article-business-loan-docs-surat.html,https://taxamc.com/article-business-loan-docs-surat.html
Business Loan Documentation,Vadodara,article-business-loan-docs-vadodara.html,https://taxamc.com/article-business-loan-docs-vadodara.html
Business Loan Documentation,Rajkot,article-business-loan-docs-rajkot.html,https://taxamc.com/article-business-loan-docs-rajkot.html
Business Loan Documentation,Jaipur,article-business-loan-docs-jaipur.html,https://taxamc.com/article-business-loan-docs-jaipur.html
Business Loan Documentation,Jodhpur,article-business-loan-docs-jodhpur.html,https://taxamc.com/article-business-loan-docs-jodhpur.html
Business Loan Documentation,Chandigarh,article-business-loan-docs-chandigarh.html,https://taxamc.com/article-business-loan-docs-chandigarh.html
Business Loan Documentation,Ludhiana,article-business-loan-docs-ludhiana.html,https://taxamc.com/article-business-loan-docs-ludhiana.html
Business Loan Documentation,Amritsar,article-business-loan-docs-amritsar.html,https://taxamc.com/article-business-loan-docs-amritsar.html
Business Loan Documentation,Indore,article-business-loan-docs-indore.html,https://taxamc.com/article-business-loan-docs-indore.html
Business Loan Documentation,Bhopal,article-business-loan-docs-bhopal.html,https://taxamc.com/article-business-loan-docs-bhopal.html
Business Loan Documentation,Nagpur,article-business-loan-docs-nagpur.html,https://taxamc.com/article-business-loan-docs-nagpur.html
Business Loan Documentation,Nashik,article-business-loan-docs-nashik.html,https://taxamc.com/article-business-loan-docs-nashik.html
Business Loan Documentation,Visakhapatnam,article-business-loan-docs-visakhapatnam.html,https://taxamc.com/article-business-loan-docs-visakhapatnam.html
Business Loan Documentation,Coimbatore,article-business-loan-docs-coimbatore.html,https://taxamc.com/article-business-loan-docs-coimbatore.html
Business Loan Documentation,Tiruppur,article-business-loan-docs-tiruppur.html,https://taxamc.com/article-business-loan-docs-tiruppur.html
Business Loan Documentation,Kochi,article-business-loan-docs-kochi.html,https://taxamc.com/article-business-loan-docs-kochi.html
Business Loan Documentation,Thiruvananthapuram,article-business-loan-docs-thiruvananthapuram.html,https://taxamc.com/article-business-loan-docs-thiruvananthapuram.html
Business Loan Documentation,Patna,article-business-loan-docs-patna.html,https://taxamc.com/article-business-loan-docs-patna.html
Business Loan Documentation,Ranchi,article-business-loan-docs-ranchi.html,https://taxamc.com/article-business-loan-docs-ranchi.html
Business Loan Documentation,Jamshedpur,article-business-loan-docs-jamshedpur.html,https://taxamc.com/article-business-loan-docs-jamshedpur.html
Business Loan Documentation,Bhubaneswar,article-business-loan-docs-bhubaneswar.html,https://taxamc.com/article-business-loan-docs-bhubaneswar.html
Business Loan Documentation,Guwahati,article-business-loan-docs-guwahati.html,https://taxamc.com/article-business-loan-docs-guwahati.html
Business Loan Documentation,Dehradun,article-business-loan-docs-dehradun.html,https://taxamc.com/article-business-loan-docs-dehradun.html
Business Loan Documentation,Haridwar,article-business-loan-docs-haridwar.html,https://taxamc.com/article-business-loan-docs-haridwar.html
Business Loan Documentation,Mathura,article-business-loan-docs-mathura.html,https://taxamc.com/article-business-loan-docs-mathura.html
Business Loan Documentation,Aligarh,article-business-loan-docs-aligarh.html,https://taxamc.com/article-business-loan-docs-aligarh.html
Business Loan Documentation,Moradabad,article-business-loan-docs-moradabad.html,https://taxamc.com/article-business-loan-docs-moradabad.html
Business Loan Documentation,Bareilly,article-business-loan-docs-bareilly.html,https://taxamc.com/article-business-loan-docs-bareilly.html
Business Loan Documentation,Hapur,article-business-loan-docs-hapur.html,https://taxamc.com/article-business-loan-docs-hapur.html
Business Loan Documentation,Raipur,article-business-loan-docs-raipur.html,https://taxamc.com/article-business-loan-docs-raipur.html
Business Loan Documentation,Mysuru,article-business-loan-docs-mysuru.html,https://taxamc.com/article-business-loan-docs-mysuru.html
Business Loan Documentation,Mangaluru,article-business-loan-docs-mangaluru.html,https://taxamc.com/article-business-loan-docs-mangaluru.html
Business Loan Documentation,Madurai,article-business-loan-docs-madurai.html,https://taxamc.com/article-business-loan-docs-madurai.html
Business Loan Documentation,Tiruchirappalli,article-business-loan-docs-tiruchirappalli.html,https://taxamc.com/article-business-loan-docs-tiruchirappalli.html
Business Loan Documentation,Vijayawada,article-business-loan-docs-vijayawada.html,https://taxamc.com/article-business-loan-docs-vijayawada.html
Business Loan Documentation,Kozhikode,article-business-loan-docs-kozhikode.html,https://taxamc.com/article-business-loan-docs-kozhikode.html
Business Loan Documentation,Udaipur,article-business-loan-docs-udaipur.html,https://taxamc.com/article-business-loan-docs-udaipur.html
Business Loan Documentation,Kota,article-business-loan-docs-kota.html,https://taxamc.com/article-business-loan-docs-kota.html
Business Loan Documentation,Siliguri,article-business-loan-docs-siliguri.html,https://taxamc.com/article-business-loan-docs-siliguri.html
Business Loan Documentation,Aurangabad,article-business-loan-docs-aurangabad.html,https://taxamc.com/article-business-loan-docs-aurangabad.html
Business Loan Documentation,Warangal,article-business-loan-docs-warangal.html,https://taxamc.com/article-business-loan-docs-warangal.html
Business Loan Documentation,Jalandhar,article-business-loan-docs-jalandhar.html,https://taxamc.com/article-business-loan-docs-jalandhar.html
Business Loan Documentation,Tirupati,article-business-loan-docs-tirupati.html,https://taxamc.com/article-business-loan-docs-tirupati.html
Business Loan Documentation,Jabalpur,article-business-loan-docs-jabalpur.html,https://taxamc.com/article-business-loan-docs-jabalpur.html
Business Loan Documentation,Gwalior,article-business-loan-docs-gwalior.html,https://taxamc.com/article-business-loan-docs-gwalior.html
Business Loan Documentation,Durgapur,article-business-loan-docs-durgapur.html,https://taxamc.com/article-business-loan-docs-durgapur.html
Business Loan Documentation,Srinagar,article-business-loan-docs-srinagar.html,https://taxamc.com/article-business-loan-docs-srinagar.html
Business Loan Documentation,Jammu,article-business-loan-docs-jammu.html,https://taxamc.com/article-business-loan-docs-jammu.html
Business Loan Documentation,Shimla,article-business-loan-docs-shimla.html,https://taxamc.com/article-business-loan-docs-shimla.html
Business Loan Documentation,Kolhapur,article-business-loan-docs-kolhapur.html,https://taxamc.com/article-business-loan-docs-kolhapur.html
Business Loan Documentation,Roorkee,article-business-loan-docs-roorkee.html,https://taxamc.com/article-business-loan-docs-roorkee.html
Business Loan Documentation,Saharanpur,article-business-loan-docs-saharanpur.html,https://taxamc.com/article-business-loan-docs-saharanpur.html
Business Loan Documentation,Muzaffarnagar,article-business-loan-docs-muzaffarnagar.html,https://taxamc.com/article-business-loan-docs-muzaffarnagar.html
Business Loan Documentation,Bhavnagar,article-business-loan-docs-bhavnagar.html,https://taxamc.com/article-business-loan-docs-bhavnagar.html
Business Loan Documentation,Gandhinagar,article-business-loan-docs-gandhinagar.html,https://taxamc.com/article-business-loan-docs-gandhinagar.html
Business Loan Documentation,Dibrugarh,article-business-loan-docs-dibrugarh.html,https://taxamc.com/article-business-loan-docs-dibrugarh.html
Business Loan Documentation,Thane,article-business-loan-docs-thane.html,https://taxamc.com/article-business-loan-docs-thane.html
Business Loan Documentation,Navi Mumbai,article-business-loan-docs-navi-mumbai.html,https://taxamc.com/article-business-loan-docs-navi-mumbai.html
Business Loan Documentation,Greater Noida,article-business-loan-docs-greater-noida.html,https://taxamc.com/article-business-loan-docs-greater-noida.html
Business Loan Documentation,Panipat,article-business-loan-docs-panipat.html,https://taxamc.com/article-business-loan-docs-panipat.html
Business Loan Documentation,Ambala,article-business-loan-docs-ambala.html,https://taxamc.com/article-business-loan-docs-ambala.html
Business Loan Documentation,Rohtak,article-business-loan-docs-rohtak.html,https://taxamc.com/article-business-loan-docs-rohtak.html
Business Loan Documentation,Hisar,article-business-loan-docs-hisar.html,https://taxamc.com/article-business-loan-docs-hisar.html
Business Loan Documentation,Karnal,article-business-loan-docs-karnal.html,https://taxamc.com/article-business-loan-docs-karnal.html
Business Loan Documentation,Sonipat,article-business-loan-docs-sonipat.html,https://taxamc.com/article-business-loan-docs-sonipat.html
Business Loan Documentation,Patiala,article-business-loan-docs-patiala.html,https://taxamc.com/article-business-loan-docs-patiala.html
Business Loan Documentation,Bathinda,article-business-loan-docs-bathinda.html,https://taxamc.com/article-business-loan-docs-bathinda.html
Business Loan Documentation,Mohali,article-business-loan-docs-mohali.html,https://taxamc.com/article-business-loan-docs-mohali.html
Business Loan Documentation,Ajmer,article-business-loan-docs-ajmer.html,https://taxamc.com/article-business-loan-docs-ajmer.html
Business Loan Documentation,Bikaner,article-business-loan-docs-bikaner.html,https://taxamc.com/article-business-loan-docs-bikaner.html
Business Loan Documentation,Alwar,article-business-loan-docs-alwar.html,https://taxamc.com/article-business-loan-docs-alwar.html
Business Loan Documentation,Panaji,article-business-loan-docs-panaji.html,https://taxamc.com/article-business-loan-docs-panaji.html
Business Loan Documentation,Margao,article-business-loan-docs-margao.html,https://taxamc.com/article-business-loan-docs-margao.html
Business Loan Documentation,Vasco da Gama,article-business-loan-docs-vasco-da-gama.html,https://taxamc.com/article-business-loan-docs-vasco-da-gama.html
Business Loan Documentation,Puducherry,article-business-loan-docs-puducherry.html,https://taxamc.com/article-business-loan-docs-puducherry.html
Business Loan Documentation,Solapur,article-business-loan-docs-solapur.html,https://taxamc.com/article-business-loan-docs-solapur.html
Business Loan Documentation,Amravati,article-business-loan-docs-amravati.html,https://taxamc.com/article-business-loan-docs-amravati.html
Business Loan Documentation,Sangli,article-business-loan-docs-sangli.html,https://taxamc.com/article-business-loan-docs-sangli.html
Business Loan Documentation,Jalgaon,article-business-loan-docs-jalgaon.html,https://taxamc.com/article-business-loan-docs-jalgaon.html
Business Loan Documentation,Nanded,article-business-loan-docs-nanded.html,https://taxamc.com/article-business-loan-docs-nanded.html
Business Loan Documentation,Latur,article-business-loan-docs-latur.html,https://taxamc.com/article-business-loan-docs-latur.html
Business Loan Documentation,Satara,article-business-loan-docs-satara.html,https://taxamc.com/article-business-loan-docs-satara.html
Business Loan Documentation,Hubli,article-business-loan-docs-hubli.html,https://taxamc.com/article-business-loan-docs-hubli.html
Business Loan Documentation,Belgaum,article-business-loan-docs-belgaum.html,https://taxamc.com/article-business-loan-docs-belgaum.html
Business Loan Documentation,Davangere,article-business-loan-docs-davangere.html,https://taxamc.com/article-business-loan-docs-davangere.html
Business Loan Documentation,Salem,article-business-loan-docs-salem.html,https://taxamc.com/article-business-loan-docs-salem.html
Business Loan Documentation,Erode,article-business-loan-docs-erode.html,https://taxamc.com/article-business-loan-docs-erode.html
Business Loan Documentation,Vellore,article-business-loan-docs-vellore.html,https://taxamc.com/article-business-loan-docs-vellore.html
Business Loan Documentation,Guntur,article-business-loan-docs-guntur.html,https://taxamc.com/article-business-loan-docs-guntur.html
Business Loan Documentation,Rajahmundry,article-business-loan-docs-rajahmundry.html,https://taxamc.com/article-business-loan-docs-rajahmundry.html
Business Loan Documentation,Karimnagar,article-business-loan-docs-karimnagar.html,https://taxamc.com/article-business-loan-docs-karimnagar.html
Business Loan Documentation,Nizamabad,article-business-loan-docs-nizamabad.html,https://taxamc.com/article-business-loan-docs-nizamabad.html
Business Loan Documentation,Thrissur,article-business-loan-docs-thrissur.html,https://taxamc.com/article-business-loan-docs-thrissur.html
Business Loan Documentation,Kollam,article-business-loan-docs-kollam.html,https://taxamc.com/article-business-loan-docs-kollam.html
Business Loan Documentation,Kannur,article-business-loan-docs-kannur.html,https://taxamc.com/article-business-loan-docs-kannur.html
Business Loan Documentation,Palakkad,article-business-loan-docs-palakkad.html,https://taxamc.com/article-business-loan-docs-palakkad.html
Business Loan Documentation,Muzaffarpur,article-business-loan-docs-muzaffarpur.html,https://taxamc.com/article-business-loan-docs-muzaffarpur.html
Business Loan Documentation,Gaya,article-business-loan-docs-gaya.html,https://taxamc.com/article-business-loan-docs-gaya.html
Business Loan Documentation,Bhagalpur,article-business-loan-docs-bhagalpur.html,https://taxamc.com/article-business-loan-docs-bhagalpur.html
Business Loan Documentation,Darbhanga,article-business-loan-docs-darbhanga.html,https://taxamc.com/article-business-loan-docs-darbhanga.html
Business Loan Documentation,Cuttack,article-business-loan-docs-cuttack.html,https://taxamc.com/article-business-loan-docs-cuttack.html
Business Loan Documentation,Rourkela,article-business-loan-docs-rourkela.html,https://taxamc.com/article-business-loan-docs-rourkela.html
Business Loan Documentation,Asansol,article-business-loan-docs-asansol.html,https://taxamc.com/article-business-loan-docs-asansol.html
Business Loan Documentation,Howrah,article-business-loan-docs-howrah.html,https://taxamc.com/article-business-loan-docs-howrah.html
Business Loan Documentation,Burdwan,article-business-loan-docs-burdwan.html,https://taxamc.com/article-business-loan-docs-burdwan.html
Business Loan Documentation,Malda,article-business-loan-docs-malda.html,https://taxamc.com/article-business-loan-docs-malda.html
Business Loan Documentation,Dhanbad,article-business-loan-docs-dhanbad.html,https://taxamc.com/article-business-loan-docs-dhanbad.html
Business Loan Documentation,Bokaro,article-business-loan-docs-bokaro.html,https://taxamc.com/article-business-loan-docs-bokaro.html
Business Loan Documentation,Bhilai,article-business-loan-docs-bhilai.html,https://taxamc.com/article-business-loan-docs-bhilai.html
Business Loan Documentation,Bilaspur,article-business-loan-docs-bilaspur.html,https://taxamc.com/article-business-loan-docs-bilaspur.html
Business Loan Documentation,Korba,article-business-loan-docs-korba.html,https://taxamc.com/article-business-loan-docs-korba.html
Business Loan Documentation,Anand,article-business-loan-docs-anand.html,https://taxamc.com/article-business-loan-docs-anand.html
Business Loan Documentation,Jamnagar,article-business-loan-docs-jamnagar.html,https://taxamc.com/article-business-loan-docs-jamnagar.html
Business Loan Documentation,Morbi,article-business-loan-docs-morbi.html,https://taxamc.com/article-business-loan-docs-morbi.html
Business Loan Documentation,Junagadh,article-business-loan-docs-junagadh.html,https://taxamc.com/article-business-loan-docs-junagadh.html
Business Loan Documentation,Navsari,article-business-loan-docs-navsari.html,https://taxamc.com/article-business-loan-docs-navsari.html
Business Loan Documentation,Baddi,article-business-loan-docs-baddi.html,https://taxamc.com/article-business-loan-docs-baddi.html
Business Loan Documentation,Solan,article-business-loan-docs-solan.html,https://taxamc.com/article-business-loan-docs-solan.html
Business Loan Documentation,Haldwani,article-business-loan-docs-haldwani.html,https://taxamc.com/article-business-loan-docs-haldwani.html
Business Loan Documentation,Rudrapur,article-business-loan-docs-rudrapur.html,https://taxamc.com/article-business-loan-docs-rudrapur.html
Business Loan Documentation,Rishikesh,article-business-loan-docs-rishikesh.html,https://taxamc.com/article-business-loan-docs-rishikesh.html
Business Loan Documentation,Ujjain,article-business-loan-docs-ujjain.html,https://taxamc.com/article-business-loan-docs-ujjain.html
Business Loan Documentation,Sagar,article-business-loan-docs-sagar.html,https://taxamc.com/article-business-loan-docs-sagar.html
Business Loan Documentation,Satna,article-business-loan-docs-satna.html,https://taxamc.com/article-business-loan-docs-satna.html
Business Loan Documentation,Rewa,article-business-loan-docs-rewa.html,https://taxamc.com/article-business-loan-docs-rewa.html
Business Loan Documentation,Gorakhpur,article-business-loan-docs-gorakhpur.html,https://taxamc.com/article-business-loan-docs-gorakhpur.html
Business Loan Documentation,Firozabad,article-business-loan-docs-firozabad.html,https://taxamc.com/article-business-loan-docs-firozabad.html
Business Loan Documentation,Bulandshahr,article-business-loan-docs-bulandshahr.html,https://taxamc.com/article-business-loan-docs-bulandshahr.html
Business Loan Documentation,Shahjahanpur,article-business-loan-docs-shahjahanpur.html,https://taxamc.com/article-business-loan-docs-shahjahanpur.html
Business Loan Documentation,Jhansi,article-business-loan-docs-jhansi.html,https://taxamc.com/article-business-loan-docs-jhansi.html
Business Loan Documentation,Silchar,article-business-loan-docs-silchar.html,https://taxamc.com/article-business-loan-docs-silchar.html
Business Loan Documentation,Jorhat,article-business-loan-docs-jorhat.html,https://taxamc.com/article-business-loan-docs-jorhat.html
Business Loan Documentation,Imphal,article-business-loan-docs-imphal.html,https://taxamc.com/article-business-loan-docs-imphal.html
Business Loan Documentation,Shillong,article-business-loan-docs-shillong.html,https://taxamc.com/article-business-loan-docs-shillong.html
Business Loan Documentation,Agartala,article-business-loan-docs-agartala.html,https://taxamc.com/article-business-loan-docs-agartala.html
Business Loan Documentation,Aizawl,article-business-loan-docs-aizawl.html,https://taxamc.com/article-business-loan-docs-aizawl.html
Business Loan Documentation,Dimapur,article-business-loan-docs-dimapur.html,https://taxamc.com/article-business-loan-docs-dimapur.html
Business Loan Documentation,Gangtok,article-business-loan-docs-gangtok.html,https://taxamc.com/article-business-loan-docs-gangtok.html
Business Loan Documentation,Itanagar,article-business-loan-docs-itanagar.html,https://taxamc.com/article-business-loan-docs-itanagar.html
Business Loan Documentation,Mau,article-business-loan-docs-mau.html,https://taxamc.com/article-business-loan-docs-mau.html
Business Loan Documentation,Rampur,article-business-loan-docs-rampur.html,https://taxamc.com/article-business-loan-docs-rampur.html
Business Loan Documentation,Etawah,article-business-loan-docs-etawah.html,https://taxamc.com/article-business-loan-docs-etawah.html
Business Loan Documentation,Bhilwara,article-business-loan-docs-bhilwara.html,https://taxamc.com/article-business-loan-docs-bhilwara.html
Business Loan Documentation,Sikar,article-business-loan-docs-sikar.html,https://taxamc.com/article-business-loan-docs-sikar.html
Business Loan Documentation,Kurnool,article-business-loan-docs-kurnool.html,https://taxamc.com/article-business-loan-docs-kurnool.html
Business Loan Documentation,Nellore,article-business-loan-docs-nellore.html,https://taxamc.com/article-business-loan-docs-nellore.html
Business Loan Documentation,Kadapa,article-business-loan-docs-kadapa.html,https://taxamc.com/article-business-loan-docs-kadapa.html
Business Loan Documentation,Bharuch,article-business-loan-docs-bharuch.html,https://taxamc.com/article-business-loan-docs-bharuch.html
Business Loan Documentation,Vapi,article-business-loan-docs-vapi.html,https://taxamc.com/article-business-loan-docs-vapi.html
Business Loan Documentation,Mehsana,article-business-loan-docs-mehsana.html,https://taxamc.com/article-business-loan-docs-mehsana.html
Business Loan Documentation,Akola,article-business-loan-docs-akola.html,https://taxamc.com/article-business-loan-docs-akola.html
Business Loan Documentation,Tumkur,article-business-loan-docs-tumkur.html,https://taxamc.com/article-business-loan-docs-tumkur.html
Business Loan Documentation,Thanjavur,article-business-loan-docs-thanjavur.html,https://taxamc.com/article-business-loan-docs-thanjavur.html
Business Loan Documentation,Thoothukudi,article-business-loan-docs-thoothukudi.html,https://taxamc.com/article-business-loan-docs-thoothukudi.html
Business Loan Documentation,Lakhimpur Kheri,article-business-loan-docs-lakhimpur-kheri.html,https://taxamc.com/article-business-loan-docs-lakhimpur-kheri.html
Business Loan Documentation,Unnao,article-business-loan-docs-unnao.html,https://taxamc.com/article-business-loan-docs-unnao.html
Business Loan Documentation,Ganganagar,article-business-loan-docs-ganganagar.html,https://taxamc.com/article-business-loan-docs-ganganagar.html
Business Loan Documentation,Barmer,article-business-loan-docs-barmer.html,https://taxamc.com/article-business-loan-docs-barmer.html
Business Loan Documentation,Surendranagar,article-business-loan-docs-surendranagar.html,https://taxamc.com/article-business-loan-docs-surendranagar.html
Business Loan Documentation,Gandhidham,article-business-loan-docs-gandhidham.html,https://taxamc.com/article-business-loan-docs-gandhidham.html
Business Loan Documentation,Bhuj,article-business-loan-docs-bhuj.html,https://taxamc.com/article-business-loan-docs-bhuj.html
Business Loan Documentation,Anantapur,article-business-loan-docs-anantapur.html,https://taxamc.com/article-business-loan-docs-anantapur.html
Business Loan Documentation,Purnia,article-business-loan-docs-purnia.html,https://taxamc.com/article-business-loan-docs-purnia.html
Business Loan Documentation,Dewas,article-business-loan-docs-dewas.html,https://taxamc.com/article-business-loan-docs-dewas.html
Business Loan Documentation,Ratlam,article-business-loan-docs-ratlam.html,https://taxamc.com/article-business-loan-docs-ratlam.html
Business Loan Documentation,Khammam,article-business-loan-docs-khammam.html,https://taxamc.com/article-business-loan-docs-khammam.html
Business Loan Documentation,Krishnanagar,article-business-loan-docs-krishnanagar.html,https://taxamc.com/article-business-loan-docs-krishnanagar.html
Business Loan Documentation,Dharamsala,article-business-loan-docs-dharamsala.html,https://taxamc.com/article-business-loan-docs-dharamsala.html
Business Loan Documentation,Mirzapur,article-business-loan-docs-mirzapur.html,https://taxamc.com/article-business-loan-docs-mirzapur.html
Business Loan Documentation,Azamgarh,article-business-loan-docs-azamgarh.html,https://taxamc.com/article-business-loan-docs-azamgarh.html
Business Loan Documentation,Jaunpur,article-business-loan-docs-jaunpur.html,https://taxamc.com/article-business-loan-docs-jaunpur.html
Business Loan Documentation,Ballia,article-business-loan-docs-ballia.html,https://taxamc.com/article-business-loan-docs-ballia.html
Business Loan Documentation,Sultanpur,article-business-loan-docs-sultanpur.html,https://taxamc.com/article-business-loan-docs-sultanpur.html
Business Loan Documentation,Bahraich,article-business-loan-docs-bahraich.html,https://taxamc.com/article-business-loan-docs-bahraich.html
Business Loan Documentation,Gonda,article-business-loan-docs-gonda.html,https://taxamc.com/article-business-loan-docs-gonda.html
Business Loan Documentation,Faizabad,article-business-loan-docs-faizabad.html,https://taxamc.com/article-business-loan-docs-faizabad.html
Business Loan Documentation,Port Blair,article-business-loan-docs-port-blair.html,https://taxamc.com/article-business-loan-docs-port-blair.html
Business Loan Documentation,Kavaratti,article-business-loan-docs-kavaratti.html,https://taxamc.com/article-business-loan-docs-kavaratti.html
Business Loan Documentation,Leh,article-business-loan-docs-leh.html,https://taxamc.com/article-business-loan-docs-leh.html
Business Loan Documentation,Tiruvannamalai,article-business-loan-docs-tiruvannamalai.html,https://taxamc.com/article-business-loan-docs-tiruvannamalai.html
Business Loan Documentation,Dindigul,article-business-loan-docs-dindigul.html,https://taxamc.com/article-business-loan-docs-dindigul.html
Business Loan Documentation,Nagapattinam,article-business-loan-docs-nagapattinam.html,https://taxamc.com/article-business-loan-docs-nagapattinam.html
Business Loan Documentation,Shimoga,article-business-loan-docs-shimoga.html,https://taxamc.com/article-business-loan-docs-shimoga.html
Business Loan Documentation,Hassan,article-business-loan-docs-hassan.html,https://taxamc.com/article-business-loan-docs-hassan.html
ITR for Freelancers,Mumbai,article-itr-freelancers-mumbai.html,https://taxamc.com/article-itr-freelancers-mumbai.html
ITR for Freelancers,Delhi,article-itr-freelancers-delhi.html,https://taxamc.com/article-itr-freelancers-delhi.html
ITR for Freelancers,Bangalore,article-itr-freelancers-bangalore.html,https://taxamc.com/article-itr-freelancers-bangalore.html
ITR for Freelancers,Chennai,article-itr-freelancers-chennai.html,https://taxamc.com/article-itr-freelancers-chennai.html
ITR for Freelancers,Hyderabad,article-itr-freelancers-hyderabad.html,https://taxamc.com/article-itr-freelancers-hyderabad.html
ITR for Freelancers,Kolkata,article-itr-freelancers-kolkata.html,https://taxamc.com/article-itr-freelancers-kolkata.html
ITR for Freelancers,Pune,article-itr-freelancers-pune.html,https://taxamc.com/article-itr-freelancers-pune.html
ITR for Freelancers,Ahmedabad,article-itr-freelancers-ahmedabad.html,https://taxamc.com/article-itr-freelancers-ahmedabad.html
ITR for Freelancers,Noida,article-itr-freelancers-noida.html,https://taxamc.com/article-itr-freelancers-noida.html
ITR for Freelancers,Gurugram,article-itr-freelancers-gurugram.html,https://taxamc.com/article-itr-freelancers-gurugram.html
ITR for Freelancers,Ghaziabad,article-itr-freelancers-ghaziabad.html,https://taxamc.com/article-itr-freelancers-ghaziabad.html
ITR for Freelancers,Faridabad,article-itr-freelancers-faridabad.html,https://taxamc.com/article-itr-freelancers-faridabad.html
ITR for Freelancers,Meerut,article-itr-freelancers-meerut.html,https://taxamc.com/article-itr-freelancers-meerut.html
ITR for Freelancers,Lucknow,article-itr-freelancers-lucknow.html,https://taxamc.com/article-itr-freelancers-lucknow.html
ITR for Freelancers,Kanpur,article-itr-freelancers-kanpur.html,https://taxamc.com/article-itr-freelancers-kanpur.html
ITR for Freelancers,Agra,article-itr-freelancers-agra.html,https://taxamc.com/article-itr-freelancers-agra.html
ITR for Freelancers,Varanasi,article-itr-freelancers-varanasi.html,https://taxamc.com/article-itr-freelancers-varanasi.html
ITR for Freelancers,Prayagraj,article-itr-freelancers-prayagraj.html,https://taxamc.com/article-itr-freelancers-prayagraj.html
ITR for Freelancers,Surat,article-itr-freelancers-surat.html,https://taxamc.com/article-itr-freelancers-surat.html
ITR for Freelancers,Vadodara,article-itr-freelancers-vadodara.html,https://taxamc.com/article-itr-freelancers-vadodara.html
ITR for Freelancers,Rajkot,article-itr-freelancers-rajkot.html,https://taxamc.com/article-itr-freelancers-rajkot.html
ITR for Freelancers,Jaipur,article-itr-freelancers-jaipur.html,https://taxamc.com/article-itr-freelancers-jaipur.html
ITR for Freelancers,Jodhpur,article-itr-freelancers-jodhpur.html,https://taxamc.com/article-itr-freelancers-jodhpur.html
ITR for Freelancers,Chandigarh,article-itr-freelancers-chandigarh.html,https://taxamc.com/article-itr-freelancers-chandigarh.html
ITR for Freelancers,Ludhiana,article-itr-freelancers-ludhiana.html,https://taxamc.com/article-itr-freelancers-ludhiana.html
ITR for Freelancers,Amritsar,article-itr-freelancers-amritsar.html,https://taxamc.com/article-itr-freelancers-amritsar.html
ITR for Freelancers,Indore,article-itr-freelancers-indore.html,https://taxamc.com/article-itr-freelancers-indore.html
ITR for Freelancers,Bhopal,article-itr-freelancers-bhopal.html,https://taxamc.com/article-itr-freelancers-bhopal.html
ITR for Freelancers,Nagpur,article-itr-freelancers-nagpur.html,https://taxamc.com/article-itr-freelancers-nagpur.html
ITR for Freelancers,Nashik,article-itr-freelancers-nashik.html,https://taxamc.com/article-itr-freelancers-nashik.html
ITR for Freelancers,Visakhapatnam,article-itr-freelancers-visakhapatnam.html,https://taxamc.com/article-itr-freelancers-visakhapatnam.html
ITR for Freelancers,Coimbatore,article-itr-freelancers-coimbatore.html,https://taxamc.com/article-itr-freelancers-coimbatore.html
ITR for Freelancers,Tiruppur,article-itr-freelancers-tiruppur.html,https://taxamc.com/article-itr-freelancers-tiruppur.html
ITR for Freelancers,Kochi,article-itr-freelancers-kochi.html,https://taxamc.com/article-itr-freelancers-kochi.html
ITR for Freelancers,Thiruvananthapuram,article-itr-freelancers-thiruvananthapuram.html,https://taxamc.com/article-itr-freelancers-thiruvananthapuram.html
ITR for Freelancers,Patna,article-itr-freelancers-patna.html,https://taxamc.com/article-itr-freelancers-patna.html
ITR for Freelancers,Ranchi,article-itr-freelancers-ranchi.html,https://taxamc.com/article-itr-freelancers-ranchi.html
ITR for Freelancers,Jamshedpur,article-itr-freelancers-jamshedpur.html,https://taxamc.com/article-itr-freelancers-jamshedpur.html
ITR for Freelancers,Bhubaneswar,article-itr-freelancers-bhubaneswar.html,https://taxamc.com/article-itr-freelancers-bhubaneswar.html
ITR for Freelancers,Guwahati,article-itr-freelancers-guwahati.html,https://taxamc.com/article-itr-freelancers-guwahati.html
ITR for Freelancers,Dehradun,article-itr-freelancers-dehradun.html,https://taxamc.com/article-itr-freelancers-dehradun.html
ITR for Freelancers,Haridwar,article-itr-freelancers-haridwar.html,https://taxamc.com/article-itr-freelancers-haridwar.html
ITR for Freelancers,Mathura,article-itr-freelancers-mathura.html,https://taxamc.com/article-itr-freelancers-mathura.html
ITR for Freelancers,Aligarh,article-itr-freelancers-aligarh.html,https://taxamc.com/article-itr-freelancers-aligarh.html
ITR for Freelancers,Moradabad,article-itr-freelancers-moradabad.html,https://taxamc.com/article-itr-freelancers-moradabad.html
ITR for Freelancers,Bareilly,article-itr-freelancers-bareilly.html,https://taxamc.com/article-itr-freelancers-bareilly.html
ITR for Freelancers,Hapur,article-itr-freelancers-hapur.html,https://taxamc.com/article-itr-freelancers-hapur.html
ITR for Freelancers,Raipur,article-itr-freelancers-raipur.html,https://taxamc.com/article-itr-freelancers-raipur.html
ITR for Freelancers,Mysuru,article-itr-freelancers-mysuru.html,https://taxamc.com/article-itr-freelancers-mysuru.html
ITR for Freelancers,Mangaluru,article-itr-freelancers-mangaluru.html,https://taxamc.com/article-itr-freelancers-mangaluru.html
ITR for Freelancers,Madurai,article-itr-freelancers-madurai.html,https://taxamc.com/article-itr-freelancers-madurai.html
ITR for Freelancers,Tiruchirappalli,article-itr-freelancers-tiruchirappalli.html,https://taxamc.com/article-itr-freelancers-tiruchirappalli.html
ITR for Freelancers,Vijayawada,article-itr-freelancers-vijayawada.html,https://taxamc.com/article-itr-freelancers-vijayawada.html
ITR for Freelancers,Kozhikode,article-itr-freelancers-kozhikode.html,https://taxamc.com/article-itr-freelancers-kozhikode.html
ITR for Freelancers,Udaipur,article-itr-freelancers-udaipur.html,https://taxamc.com/article-itr-freelancers-udaipur.html
ITR for Freelancers,Kota,article-itr-freelancers-kota.html,https://taxamc.com/article-itr-freelancers-kota.html
ITR for Freelancers,Siliguri,article-itr-freelancers-siliguri.html,https://taxamc.com/article-itr-freelancers-siliguri.html
ITR for Freelancers,Aurangabad,article-itr-freelancers-aurangabad.html,https://taxamc.com/article-itr-freelancers-aurangabad.html
ITR for Freelancers,Warangal,article-itr-freelancers-warangal.html,https://taxamc.com/article-itr-freelancers-warangal.html
ITR for Freelancers,Jalandhar,article-itr-freelancers-jalandhar.html,https://taxamc.com/article-itr-freelancers-jalandhar.html
ITR for Freelancers,Tirupati,article-itr-freelancers-tirupati.html,https://taxamc.com/article-itr-freelancers-tirupati.html
ITR for Freelancers,Jabalpur,article-itr-freelancers-jabalpur.html,https://taxamc.com/article-itr-freelancers-jabalpur.html
ITR for Freelancers,Gwalior,article-itr-freelancers-gwalior.html,https://taxamc.com/article-itr-freelancers-gwalior.html
ITR for Freelancers,Durgapur,article-itr-freelancers-durgapur.html,https://taxamc.com/article-itr-freelancers-durgapur.html
ITR for Freelancers,Srinagar,article-itr-freelancers-srinagar.html,https://taxamc.com/article-itr-freelancers-srinagar.html
ITR for Freelancers,Jammu,article-itr-freelancers-jammu.html,https://taxamc.com/article-itr-freelancers-jammu.html
ITR for Freelancers,Shimla,article-itr-freelancers-shimla.html,https://taxamc.com/article-itr-freelancers-shimla.html
ITR for Freelancers,Kolhapur,article-itr-freelancers-kolhapur.html,https://taxamc.com/article-itr-freelancers-kolhapur.html
ITR for Freelancers,Roorkee,article-itr-freelancers-roorkee.html,https://taxamc.com/article-itr-freelancers-roorkee.html
ITR for Freelancers,Saharanpur,article-itr-freelancers-saharanpur.html,https://taxamc.com/article-itr-freelancers-saharanpur.html
ITR for Freelancers,Muzaffarnagar,article-itr-freelancers-muzaffarnagar.html,https://taxamc.com/article-itr-freelancers-muzaffarnagar.html
ITR for Freelancers,Bhavnagar,article-itr-freelancers-bhavnagar.html,https://taxamc.com/article-itr-freelancers-bhavnagar.html
ITR for Freelancers,Gandhinagar,article-itr-freelancers-gandhinagar.html,https://taxamc.com/article-itr-freelancers-gandhinagar.html
ITR for Freelancers,Dibrugarh,article-itr-freelancers-dibrugarh.html,https://taxamc.com/article-itr-freelancers-dibrugarh.html
ITR for Freelancers,Thane,article-itr-freelancers-thane.html,https://taxamc.com/article-itr-freelancers-thane.html
ITR for Freelancers,Navi Mumbai,article-itr-freelancers-navi-mumbai.html,https://taxamc.com/article-itr-freelancers-navi-mumbai.html
ITR for Freelancers,Greater Noida,article-itr-freelancers-greater-noida.html,https://taxamc.com/article-itr-freelancers-greater-noida.html
ITR for Freelancers,Panipat,article-itr-freelancers-panipat.html,https://taxamc.com/article-itr-freelancers-panipat.html
ITR for Freelancers,Ambala,article-itr-freelancers-ambala.html,https://taxamc.com/article-itr-freelancers-ambala.html
ITR for Freelancers,Rohtak,article-itr-freelancers-rohtak.html,https://taxamc.com/article-itr-freelancers-rohtak.html
ITR for Freelancers,Hisar,article-itr-freelancers-hisar.html,https://taxamc.com/article-itr-freelancers-hisar.html
ITR for Freelancers,Karnal,article-itr-freelancers-karnal.html,https://taxamc.com/article-itr-freelancers-karnal.html
ITR for Freelancers,Sonipat,article-itr-freelancers-sonipat.html,https://taxamc.com/article-itr-freelancers-sonipat.html
ITR for Freelancers,Patiala,article-itr-freelancers-patiala.html,https://taxamc.com/article-itr-freelancers-patiala.html
ITR for Freelancers,Bathinda,article-itr-freelancers-bathinda.html,https://taxamc.com/article-itr-freelancers-bathinda.html
ITR for Freelancers,Mohali,article-itr-freelancers-mohali.html,https://taxamc.com/article-itr-freelancers-mohali.html
ITR for Freelancers,Ajmer,article-itr-freelancers-ajmer.html,https://taxamc.com/article-itr-freelancers-ajmer.html
ITR for Freelancers,Bikaner,article-itr-freelancers-bikaner.html,https://taxamc.com/article-itr-freelancers-bikaner.html
ITR for Freelancers,Alwar,article-itr-freelancers-alwar.html,https://taxamc.com/article-itr-freelancers-alwar.html
ITR for Freelancers,Panaji,article-itr-freelancers-panaji.html,https://taxamc.com/article-itr-freelancers-panaji.html
ITR for Freelancers,Margao,article-itr-freelancers-margao.html,https://taxamc.com/article-itr-freelancers-margao.html
ITR for Freelancers,Vasco da Gama,article-itr-freelancers-vasco-da-gama.html,https://taxamc.com/article-itr-freelancers-vasco-da-gama.html
ITR for Freelancers,Puducherry,article-itr-freelancers-puducherry.html,https://taxamc.com/article-itr-freelancers-puducherry.html
ITR for Freelancers,Solapur,article-itr-freelancers-solapur.html,https://taxamc.com/article-itr-freelancers-solapur.html
ITR for Freelancers,Amravati,article-itr-freelancers-amravati.html,https://taxamc.com/article-itr-freelancers-amravati.html
ITR for Freelancers,Sangli,article-itr-freelancers-sangli.html,https://taxamc.com/article-itr-freelancers-sangli.html
ITR for Freelancers,Jalgaon,article-itr-freelancers-jalgaon.html,https://taxamc.com/article-itr-freelancers-jalgaon.html
ITR for Freelancers,Nanded,article-itr-freelancers-nanded.html,https://taxamc.com/article-itr-freelancers-nanded.html
ITR for Freelancers,Latur,article-itr-freelancers-latur.html,https://taxamc.com/article-itr-freelancers-latur.html
ITR for Freelancers,Satara,article-itr-freelancers-satara.html,https://taxamc.com/article-itr-freelancers-satara.html
ITR for Freelancers,Hubli,article-itr-freelancers-hubli.html,https://taxamc.com/article-itr-freelancers-hubli.html
ITR for Freelancers,Belgaum,article-itr-freelancers-belgaum.html,https://taxamc.com/article-itr-freelancers-belgaum.html
ITR for Freelancers,Davangere,article-itr-freelancers-davangere.html,https://taxamc.com/article-itr-freelancers-davangere.html
ITR for Freelancers,Salem,article-itr-freelancers-salem.html,https://taxamc.com/article-itr-freelancers-salem.html
ITR for Freelancers,Erode,article-itr-freelancers-erode.html,https://taxamc.com/article-itr-freelancers-erode.html
ITR for Freelancers,Vellore,article-itr-freelancers-vellore.html,https://taxamc.com/article-itr-freelancers-vellore.html
ITR for Freelancers,Guntur,article-itr-freelancers-guntur.html,https://taxamc.com/article-itr-freelancers-guntur.html
ITR for Freelancers,Rajahmundry,article-itr-freelancers-rajahmundry.html,https://taxamc.com/article-itr-freelancers-rajahmundry.html
ITR for Freelancers,Karimnagar,article-itr-freelancers-karimnagar.html,https://taxamc.com/article-itr-freelancers-karimnagar.html
ITR for Freelancers,Nizamabad,article-itr-freelancers-nizamabad.html,https://taxamc.com/article-itr-freelancers-nizamabad.html
ITR for Freelancers,Thrissur,article-itr-freelancers-thrissur.html,https://taxamc.com/article-itr-freelancers-thrissur.html
ITR for Freelancers,Kollam,article-itr-freelancers-kollam.html,https://taxamc.com/article-itr-freelancers-kollam.html
ITR for Freelancers,Kannur,article-itr-freelancers-kannur.html,https://taxamc.com/article-itr-freelancers-kannur.html
ITR for Freelancers,Palakkad,article-itr-freelancers-palakkad.html,https://taxamc.com/article-itr-freelancers-palakkad.html
ITR for Freelancers,Muzaffarpur,article-itr-freelancers-muzaffarpur.html,https://taxamc.com/article-itr-freelancers-muzaffarpur.html
ITR for Freelancers,Gaya,article-itr-freelancers-gaya.html,https://taxamc.com/article-itr-freelancers-gaya.html
ITR for Freelancers,Bhagalpur,article-itr-freelancers-bhagalpur.html,https://taxamc.com/article-itr-freelancers-bhagalpur.html
ITR for Freelancers,Darbhanga,article-itr-freelancers-darbhanga.html,https://taxamc.com/article-itr-freelancers-darbhanga.html
ITR for Freelancers,Cuttack,article-itr-freelancers-cuttack.html,https://taxamc.com/article-itr-freelancers-cuttack.html
ITR for Freelancers,Rourkela,article-itr-freelancers-rourkela.html,https://taxamc.com/article-itr-freelancers-rourkela.html
ITR for Freelancers,Asansol,article-itr-freelancers-asansol.html,https://taxamc.com/article-itr-freelancers-asansol.html
ITR for Freelancers,Howrah,article-itr-freelancers-howrah.html,https://taxamc.com/article-itr-freelancers-howrah.html
ITR for Freelancers,Burdwan,article-itr-freelancers-burdwan.html,https://taxamc.com/article-itr-freelancers-burdwan.html
ITR for Freelancers,Malda,article-itr-freelancers-malda.html,https://taxamc.com/article-itr-freelancers-malda.html
ITR for Freelancers,Dhanbad,article-itr-freelancers-dhanbad.html,https://taxamc.com/article-itr-freelancers-dhanbad.html
ITR for Freelancers,Bokaro,article-itr-freelancers-bokaro.html,https://taxamc.com/article-itr-freelancers-bokaro.html
ITR for Freelancers,Bhilai,article-itr-freelancers-bhilai.html,https://taxamc.com/article-itr-freelancers-bhilai.html
ITR for Freelancers,Bilaspur,article-itr-freelancers-bilaspur.html,https://taxamc.com/article-itr-freelancers-bilaspur.html
ITR for Freelancers,Korba,article-itr-freelancers-korba.html,https://taxamc.com/article-itr-freelancers-korba.html
ITR for Freelancers,Anand,article-itr-freelancers-anand.html,https://taxamc.com/article-itr-freelancers-anand.html
ITR for Freelancers,Jamnagar,article-itr-freelancers-jamnagar.html,https://taxamc.com/article-itr-freelancers-jamnagar.html
ITR for Freelancers,Morbi,article-itr-freelancers-morbi.html,https://taxamc.com/article-itr-freelancers-morbi.html
ITR for Freelancers,Junagadh,article-itr-freelancers-junagadh.html,https://taxamc.com/article-itr-freelancers-junagadh.html
ITR for Freelancers,Navsari,article-itr-freelancers-navsari.html,https://taxamc.com/article-itr-freelancers-navsari.html
ITR for Freelancers,Baddi,article-itr-freelancers-baddi.html,https://taxamc.com/article-itr-freelancers-baddi.html
ITR for Freelancers,Solan,article-itr-freelancers-solan.html,https://taxamc.com/article-itr-freelancers-solan.html
ITR for Freelancers,Haldwani,article-itr-freelancers-haldwani.html,https://taxamc.com/article-itr-freelancers-haldwani.html
ITR for Freelancers,Rudrapur,article-itr-freelancers-rudrapur.html,https://taxamc.com/article-itr-freelancers-rudrapur.html
ITR for Freelancers,Rishikesh,article-itr-freelancers-rishikesh.html,https://taxamc.com/article-itr-freelancers-rishikesh.html
ITR for Freelancers,Ujjain,article-itr-freelancers-ujjain.html,https://taxamc.com/article-itr-freelancers-ujjain.html
ITR for Freelancers,Sagar,article-itr-freelancers-sagar.html,https://taxamc.com/article-itr-freelancers-sagar.html
ITR for Freelancers,Satna,article-itr-freelancers-satna.html,https://taxamc.com/article-itr-freelancers-satna.html
ITR for Freelancers,Rewa,article-itr-freelancers-rewa.html,https://taxamc.com/article-itr-freelancers-rewa.html
ITR for Freelancers,Gorakhpur,article-itr-freelancers-gorakhpur.html,https://taxamc.com/article-itr-freelancers-gorakhpur.html
ITR for Freelancers,Firozabad,article-itr-freelancers-firozabad.html,https://taxamc.com/article-itr-freelancers-firozabad.html
ITR for Freelancers,Bulandshahr,article-itr-freelancers-bulandshahr.html,https://taxamc.com/article-itr-freelancers-bulandshahr.html
ITR for Freelancers,Shahjahanpur,article-itr-freelancers-shahjahanpur.html,https://taxamc.com/article-itr-freelancers-shahjahanpur.html
ITR for Freelancers,Jhansi,article-itr-freelancers-jhansi.html,https://taxamc.com/article-itr-freelancers-jhansi.html
ITR for Freelancers,Silchar,article-itr-freelancers-silchar.html,https://taxamc.com/article-itr-freelancers-silchar.html
ITR for Freelancers,Jorhat,article-itr-freelancers-jorhat.html,https://taxamc.com/article-itr-freelancers-jorhat.html
ITR for Freelancers,Imphal,article-itr-freelancers-imphal.html,https://taxamc.com/article-itr-freelancers-imphal.html
ITR for Freelancers,Shillong,article-itr-freelancers-shillong.html,https://taxamc.com/article-itr-freelancers-shillong.html
ITR for Freelancers,Agartala,article-itr-freelancers-agartala.html,https://taxamc.com/article-itr-freelancers-agartala.html
ITR for Freelancers,Aizawl,article-itr-freelancers-aizawl.html,https://taxamc.com/article-itr-freelancers-aizawl.html
ITR for Freelancers,Dimapur,article-itr-freelancers-dimapur.html,https://taxamc.com/article-itr-freelancers-dimapur.html
ITR for Freelancers,Gangtok,article-itr-freelancers-gangtok.html,https://taxamc.com/article-itr-freelancers-gangtok.html
ITR for Freelancers,Itanagar,article-itr-freelancers-itanagar.html,https://taxamc.com/article-itr-freelancers-itanagar.html
ITR for Freelancers,Mau,article-itr-freelancers-mau.html,https://taxamc.com/article-itr-freelancers-mau.html
ITR for Freelancers,Rampur,article-itr-freelancers-rampur.html,https://taxamc.com/article-itr-freelancers-rampur.html
ITR for Freelancers,Etawah,article-itr-freelancers-etawah.html,https://taxamc.com/article-itr-freelancers-etawah.html
ITR for Freelancers,Bhilwara,article-itr-freelancers-bhilwara.html,https://taxamc.com/article-itr-freelancers-bhilwara.html
ITR for Freelancers,Sikar,article-itr-freelancers-sikar.html,https://taxamc.com/article-itr-freelancers-sikar.html
ITR for Freelancers,Kurnool,article-itr-freelancers-kurnool.html,https://taxamc.com/article-itr-freelancers-kurnool.html
ITR for Freelancers,Nellore,article-itr-freelancers-nellore.html,https://taxamc.com/article-itr-freelancers-nellore.html
ITR for Freelancers,Kadapa,article-itr-freelancers-kadapa.html,https://taxamc.com/article-itr-freelancers-kadapa.html
ITR for Freelancers,Bharuch,article-itr-freelancers-bharuch.html,https://taxamc.com/article-itr-freelancers-bharuch.html
ITR for Freelancers,Vapi,article-itr-freelancers-vapi.html,https://taxamc.com/article-itr-freelancers-vapi.html
ITR for Freelancers,Mehsana,article-itr-freelancers-mehsana.html,https://taxamc.com/article-itr-freelancers-mehsana.html
ITR for Freelancers,Akola,article-itr-freelancers-akola.html,https://taxamc.com/article-itr-freelancers-akola.html
ITR for Freelancers,Tumkur,article-itr-freelancers-tumkur.html,https://taxamc.com/article-itr-freelancers-tumkur.html
ITR for Freelancers,Thanjavur,article-itr-freelancers-thanjavur.html,https://taxamc.com/article-itr-freelancers-thanjavur.html
ITR for Freelancers,Thoothukudi,article-itr-freelancers-thoothukudi.html,https://taxamc.com/article-itr-freelancers-thoothukudi.html
ITR for Freelancers,Lakhimpur Kheri,article-itr-freelancers-lakhimpur-kheri.html,https://taxamc.com/article-itr-freelancers-lakhimpur-kheri.html
ITR for Freelancers,Unnao,article-itr-freelancers-unnao.html,https://taxamc.com/article-itr-freelancers-unnao.html
ITR for Freelancers,Ganganagar,article-itr-freelancers-ganganagar.html,https://taxamc.com/article-itr-freelancers-ganganagar.html
ITR for Freelancers,Barmer,article-itr-freelancers-barmer.html,https://taxamc.com/article-itr-freelancers-barmer.html
ITR for Freelancers,Surendranagar,article-itr-freelancers-surendranagar.html,https://taxamc.com/article-itr-freelancers-surendranagar.html
ITR for Freelancers,Gandhidham,article-itr-freelancers-gandhidham.html,https://taxamc.com/article-itr-freelancers-gandhidham.html
ITR for Freelancers,Bhuj,article-itr-freelancers-bhuj.html,https://taxamc.com/article-itr-freelancers-bhuj.html
ITR for Freelancers,Anantapur,article-itr-freelancers-anantapur.html,https://taxamc.com/article-itr-freelancers-anantapur.html
ITR for Freelancers,Purnia,article-itr-freelancers-purnia.html,https://taxamc.com/article-itr-freelancers-purnia.html
ITR for Freelancers,Dewas,article-itr-freelancers-dewas.html,https://taxamc.com/article-itr-freelancers-dewas.html
ITR for Freelancers,Ratlam,article-itr-freelancers-ratlam.html,https://taxamc.com/article-itr-freelancers-ratlam.html
ITR for Freelancers,Khammam,article-itr-freelancers-khammam.html,https://taxamc.com/article-itr-freelancers-khammam.html
ITR for Freelancers,Krishnanagar,article-itr-freelancers-krishnanagar.html,https://taxamc.com/article-itr-freelancers-krishnanagar.html
ITR for Freelancers,Dharamsala,article-itr-freelancers-dharamsala.html,https://taxamc.com/article-itr-freelancers-dharamsala.html
ITR for Freelancers,Mirzapur,article-itr-freelancers-mirzapur.html,https://taxamc.com/article-itr-freelancers-mirzapur.html
ITR for Freelancers,Azamgarh,article-itr-freelancers-azamgarh.html,https://taxamc.com/article-itr-freelancers-azamgarh.html
ITR for Freelancers,Jaunpur,article-itr-freelancers-jaunpur.html,https://taxamc.com/article-itr-freelancers-jaunpur.html
ITR for Freelancers,Ballia,article-itr-freelancers-ballia.html,https://taxamc.com/article-itr-freelancers-ballia.html
ITR for Freelancers,Sultanpur,article-itr-freelancers-sultanpur.html,https://taxamc.com/article-itr-freelancers-sultanpur.html
ITR for Freelancers,Bahraich,article-itr-freelancers-bahraich.html,https://taxamc.com/article-itr-freelancers-bahraich.html
ITR for Freelancers,Gonda,article-itr-freelancers-gonda.html,https://taxamc.com/article-itr-freelancers-gonda.html
ITR for Freelancers,Faizabad,article-itr-freelancers-faizabad.html,https://taxamc.com/article-itr-freelancers-faizabad.html
ITR for Freelancers,Port Blair,article-itr-freelancers-port-blair.html,https://taxamc.com/article-itr-freelancers-port-blair.html
ITR for Freelancers,Kavaratti,article-itr-freelancers-kavaratti.html,https://taxamc.com/article-itr-freelancers-kavaratti.html
ITR for Freelancers,Leh,article-itr-freelancers-leh.html,https://taxamc.com/article-itr-freelancers-leh.html
ITR for Freelancers,Tiruvannamalai,article-itr-freelancers-tiruvannamalai.html,https://taxamc.com/article-itr-freelancers-tiruvannamalai.html
ITR for Freelancers,Dindigul,article-itr-freelancers-dindigul.html,https://taxamc.com/article-itr-freelancers-dindigul.html
ITR for Freelancers,Nagapattinam,article-itr-freelancers-nagapattinam.html,https://taxamc.com/article-itr-freelancers-nagapattinam.html
ITR for Freelancers,Shimoga,article-itr-freelancers-shimoga.html,https://taxamc.com/article-itr-freelancers-shimoga.html
ITR for Freelancers,Hassan,article-itr-freelancers-hassan.html,https://taxamc.com/article-itr-freelancers-hassan.html
Tax for Doctors,Mumbai,article-itr-doctors-mumbai.html,https://taxamc.com/article-itr-doctors-mumbai.html
Tax for Doctors,Delhi,article-itr-doctors-delhi.html,https://taxamc.com/article-itr-doctors-delhi.html
Tax for Doctors,Bangalore,article-itr-doctors-bangalore.html,https://taxamc.com/article-itr-doctors-bangalore.html
Tax for Doctors,Chennai,article-itr-doctors-chennai.html,https://taxamc.com/article-itr-doctors-chennai.html
Tax for Doctors,Hyderabad,article-itr-doctors-hyderabad.html,https://taxamc.com/article-itr-doctors-hyderabad.html
Tax for Doctors,Kolkata,article-itr-doctors-kolkata.html,https://taxamc.com/article-itr-doctors-kolkata.html
Tax for Doctors,Pune,article-itr-doctors-pune.html,https://taxamc.com/article-itr-doctors-pune.html
Tax for Doctors,Ahmedabad,article-itr-doctors-ahmedabad.html,https://taxamc.com/article-itr-doctors-ahmedabad.html
Tax for Doctors,Noida,article-itr-doctors-noida.html,https://taxamc.com/article-itr-doctors-noida.html
Tax for Doctors,Gurugram,article-itr-doctors-gurugram.html,https://taxamc.com/article-itr-doctors-gurugram.html
Tax for Doctors,Ghaziabad,article-itr-doctors-ghaziabad.html,https://taxamc.com/article-itr-doctors-ghaziabad.html
Tax for Doctors,Faridabad,article-itr-doctors-faridabad.html,https://taxamc.com/article-itr-doctors-faridabad.html
Tax for Doctors,Meerut,article-itr-doctors-meerut.html,https://taxamc.com/article-itr-doctors-meerut.html
Tax for Doctors,Lucknow,article-itr-doctors-lucknow.html,https://taxamc.com/article-itr-doctors-lucknow.html
Tax for Doctors,Kanpur,article-itr-doctors-kanpur.html,https://taxamc.com/article-itr-doctors-kanpur.html
Tax for Doctors,Agra,article-itr-doctors-agra.html,https://taxamc.com/article-itr-doctors-agra.html
Tax for Doctors,Varanasi,article-itr-doctors-varanasi.html,https://taxamc.com/article-itr-doctors-varanasi.html
Tax for Doctors,Prayagraj,article-itr-doctors-prayagraj.html,https://taxamc.com/article-itr-doctors-prayagraj.html
Tax for Doctors,Surat,article-itr-doctors-surat.html,https://taxamc.com/article-itr-doctors-surat.html
Tax for Doctors,Vadodara,article-itr-doctors-vadodara.html,https://taxamc.com/article-itr-doctors-vadodara.html
Tax for Doctors,Rajkot,article-itr-doctors-rajkot.html,https://taxamc.com/article-itr-doctors-rajkot.html
Tax for Doctors,Jaipur,article-itr-doctors-jaipur.html,https://taxamc.com/article-itr-doctors-jaipur.html
Tax for Doctors,Jodhpur,article-itr-doctors-jodhpur.html,https://taxamc.com/article-itr-doctors-jodhpur.html
Tax for Doctors,Chandigarh,article-itr-doctors-chandigarh.html,https://taxamc.com/article-itr-doctors-chandigarh.html
Tax for Doctors,Ludhiana,article-itr-doctors-ludhiana.html,https://taxamc.com/article-itr-doctors-ludhiana.html
Tax for Doctors,Amritsar,article-itr-doctors-amritsar.html,https://taxamc.com/article-itr-doctors-amritsar.html
Tax for Doctors,Indore,article-itr-doctors-indore.html,https://taxamc.com/article-itr-doctors-indore.html
Tax for Doctors,Bhopal,article-itr-doctors-bhopal.html,https://taxamc.com/article-itr-doctors-bhopal.html
Tax for Doctors,Nagpur,article-itr-doctors-nagpur.html,https://taxamc.com/article-itr-doctors-nagpur.html
Tax for Doctors,Nashik,article-itr-doctors-nashik.html,https://taxamc.com/article-itr-doctors-nashik.html
Tax for Doctors,Visakhapatnam,article-itr-doctors-visakhapatnam.html,https://taxamc.com/article-itr-doctors-visakhapatnam.html
Tax for Doctors,Coimbatore,article-itr-doctors-coimbatore.html,https://taxamc.com/article-itr-doctors-coimbatore.html
Tax for Doctors,Tiruppur,article-itr-doctors-tiruppur.html,https://taxamc.com/article-itr-doctors-tiruppur.html
Tax for Doctors,Kochi,article-itr-doctors-kochi.html,https://taxamc.com/article-itr-doctors-kochi.html
Tax for Doctors,Thiruvananthapuram,article-itr-doctors-thiruvananthapuram.html,https://taxamc.com/article-itr-doctors-thiruvananthapuram.html
Tax for Doctors,Patna,article-itr-doctors-patna.html,https://taxamc.com/article-itr-doctors-patna.html
Tax for Doctors,Ranchi,article-itr-doctors-ranchi.html,https://taxamc.com/article-itr-doctors-ranchi.html
Tax for Doctors,Jamshedpur,article-itr-doctors-jamshedpur.html,https://taxamc.com/article-itr-doctors-jamshedpur.html
Tax for Doctors,Bhubaneswar,article-itr-doctors-bhubaneswar.html,https://taxamc.com/article-itr-doctors-bhubaneswar.html
Tax for Doctors,Guwahati,article-itr-doctors-guwahati.html,https://taxamc.com/article-itr-doctors-guwahati.html
Tax for Doctors,Dehradun,article-itr-doctors-dehradun.html,https://taxamc.com/article-itr-doctors-dehradun.html
Tax for Doctors,Haridwar,article-itr-doctors-haridwar.html,https://taxamc.com/article-itr-doctors-haridwar.html
Tax for Doctors,Mathura,article-itr-doctors-mathura.html,https://taxamc.com/article-itr-doctors-mathura.html
Tax for Doctors,Aligarh,article-itr-doctors-aligarh.html,https://taxamc.com/article-itr-doctors-aligarh.html
Tax for Doctors,Moradabad,article-itr-doctors-moradabad.html,https://taxamc.com/article-itr-doctors-moradabad.html
Tax for Doctors,Bareilly,article-itr-doctors-bareilly.html,https://taxamc.com/article-itr-doctors-bareilly.html
Tax for Doctors,Hapur,article-itr-doctors-hapur.html,https://taxamc.com/article-itr-doctors-hapur.html
Tax for Doctors,Raipur,article-itr-doctors-raipur.html,https://taxamc.com/article-itr-doctors-raipur.html
Tax for Doctors,Mysuru,article-itr-doctors-mysuru.html,https://taxamc.com/article-itr-doctors-mysuru.html
Tax for Doctors,Mangaluru,article-itr-doctors-mangaluru.html,https://taxamc.com/article-itr-doctors-mangaluru.html
Tax for Doctors,Madurai,article-itr-doctors-madurai.html,https://taxamc.com/article-itr-doctors-madurai.html
Tax for Doctors,Tiruchirappalli,article-itr-doctors-tiruchirappalli.html,https://taxamc.com/article-itr-doctors-tiruchirappalli.html
Tax for Doctors,Vijayawada,article-itr-doctors-vijayawada.html,https://taxamc.com/article-itr-doctors-vijayawada.html
Tax for Doctors,Kozhikode,article-itr-doctors-kozhikode.html,https://taxamc.com/article-itr-doctors-kozhikode.html
Tax for Doctors,Udaipur,article-itr-doctors-udaipur.html,https://taxamc.com/article-itr-doctors-udaipur.html
Tax for Doctors,Kota,article-itr-doctors-kota.html,https://taxamc.com/article-itr-doctors-kota.html
Tax for Doctors,Siliguri,article-itr-doctors-siliguri.html,https://taxamc.com/article-itr-doctors-siliguri.html
Tax for Doctors,Aurangabad,article-itr-doctors-aurangabad.html,https://taxamc.com/article-itr-doctors-aurangabad.html
Tax for Doctors,Warangal,article-itr-doctors-warangal.html,https://taxamc.com/article-itr-doctors-warangal.html
Tax for Doctors,Jalandhar,article-itr-doctors-jalandhar.html,https://taxamc.com/article-itr-doctors-jalandhar.html
Tax for Doctors,Tirupati,article-itr-doctors-tirupati.html,https://taxamc.com/article-itr-doctors-tirupati.html
Tax for Doctors,Jabalpur,article-itr-doctors-jabalpur.html,https://taxamc.com/article-itr-doctors-jabalpur.html
Tax for Doctors,Gwalior,article-itr-doctors-gwalior.html,https://taxamc.com/article-itr-doctors-gwalior.html
Tax for Doctors,Durgapur,article-itr-doctors-durgapur.html,https://taxamc.com/article-itr-doctors-durgapur.html
Tax for Doctors,Srinagar,article-itr-doctors-srinagar.html,https://taxamc.com/article-itr-doctors-srinagar.html
Tax for Doctors,Jammu,article-itr-doctors-jammu.html,https://taxamc.com/article-itr-doctors-jammu.html
Tax for Doctors,Shimla,article-itr-doctors-shimla.html,https://taxamc.com/article-itr-doctors-shimla.html
Tax for Doctors,Kolhapur,article-itr-doctors-kolhapur.html,https://taxamc.com/article-itr-doctors-kolhapur.html
Tax for Doctors,Roorkee,article-itr-doctors-roorkee.html,https://taxamc.com/article-itr-doctors-roorkee.html
Tax for Doctors,Saharanpur,article-itr-doctors-saharanpur.html,https://taxamc.com/article-itr-doctors-saharanpur.html
Tax for Doctors,Muzaffarnagar,article-itr-doctors-muzaffarnagar.html,https://taxamc.com/article-itr-doctors-muzaffarnagar.html
Tax for Doctors,Bhavnagar,article-itr-doctors-bhavnagar.html,https://taxamc.com/article-itr-doctors-bhavnagar.html
Tax for Doctors,Gandhinagar,article-itr-doctors-gandhinagar.html,https://taxamc.com/article-itr-doctors-gandhinagar.html
Tax for Doctors,Dibrugarh,article-itr-doctors-dibrugarh.html,https://taxamc.com/article-itr-doctors-dibrugarh.html
Tax for Doctors,Thane,article-itr-doctors-thane.html,https://taxamc.com/article-itr-doctors-thane.html
Tax for Doctors,Navi Mumbai,article-itr-doctors-navi-mumbai.html,https://taxamc.com/article-itr-doctors-navi-mumbai.html
Tax for Doctors,Greater Noida,article-itr-doctors-greater-noida.html,https://taxamc.com/article-itr-doctors-greater-noida.html
Tax for Doctors,Panipat,article-itr-doctors-panipat.html,https://taxamc.com/article-itr-doctors-panipat.html
Tax for Doctors,Ambala,article-itr-doctors-ambala.html,https://taxamc.com/article-itr-doctors-ambala.html
Tax for Doctors,Rohtak,article-itr-doctors-rohtak.html,https://taxamc.com/article-itr-doctors-rohtak.html
Tax for Doctors,Hisar,article-itr-doctors-hisar.html,https://taxamc.com/article-itr-doctors-hisar.html
Tax for Doctors,Karnal,article-itr-doctors-karnal.html,https://taxamc.com/article-itr-doctors-karnal.html
Tax for Doctors,Sonipat,article-itr-doctors-sonipat.html,https://taxamc.com/article-itr-doctors-sonipat.html
Tax for Doctors,Patiala,article-itr-doctors-patiala.html,https://taxamc.com/article-itr-doctors-patiala.html
Tax for Doctors,Bathinda,article-itr-doctors-bathinda.html,https://taxamc.com/article-itr-doctors-bathinda.html
Tax for Doctors,Mohali,article-itr-doctors-mohali.html,https://taxamc.com/article-itr-doctors-mohali.html
Tax for Doctors,Ajmer,article-itr-doctors-ajmer.html,https://taxamc.com/article-itr-doctors-ajmer.html
Tax for Doctors,Bikaner,article-itr-doctors-bikaner.html,https://taxamc.com/article-itr-doctors-bikaner.html
Tax for Doctors,Alwar,article-itr-doctors-alwar.html,https://taxamc.com/article-itr-doctors-alwar.html
Tax for Doctors,Panaji,article-itr-doctors-panaji.html,https://taxamc.com/article-itr-doctors-panaji.html
Tax for Doctors,Margao,article-itr-doctors-margao.html,https://taxamc.com/article-itr-doctors-margao.html
Tax for Doctors,Vasco da Gama,article-itr-doctors-vasco-da-gama.html,https://taxamc.com/article-itr-doctors-vasco-da-gama.html
Tax for Doctors,Puducherry,article-itr-doctors-puducherry.html,https://taxamc.com/article-itr-doctors-puducherry.html
Tax for Doctors,Solapur,article-itr-doctors-solapur.html,https://taxamc.com/article-itr-doctors-solapur.html
Tax for Doctors,Amravati,article-itr-doctors-amravati.html,https://taxamc.com/article-itr-doctors-amravati.html
Tax for Doctors,Sangli,article-itr-doctors-sangli.html,https://taxamc.com/article-itr-doctors-sangli.html
Tax for Doctors,Jalgaon,article-itr-doctors-jalgaon.html,https://taxamc.com/article-itr-doctors-jalgaon.html
Tax for Doctors,Nanded,article-itr-doctors-nanded.html,https://taxamc.com/article-itr-doctors-nanded.html
Tax for Doctors,Latur,article-itr-doctors-latur.html,https://taxamc.com/article-itr-doctors-latur.html
Tax for Doctors,Satara,article-itr-doctors-satara.html,https://taxamc.com/article-itr-doctors-satara.html
Tax for Doctors,Hubli,article-itr-doctors-hubli.html,https://taxamc.com/article-itr-doctors-hubli.html
Tax for Doctors,Belgaum,article-itr-doctors-belgaum.html,https://taxamc.com/article-itr-doctors-belgaum.html
Tax for Doctors,Davangere,article-itr-doctors-davangere.html,https://taxamc.com/article-itr-doctors-davangere.html
Tax for Doctors,Salem,article-itr-doctors-salem.html,https://taxamc.com/article-itr-doctors-salem.html
Tax for Doctors,Erode,article-itr-doctors-erode.html,https://taxamc.com/article-itr-doctors-erode.html
Tax for Doctors,Vellore,article-itr-doctors-vellore.html,https://taxamc.com/article-itr-doctors-vellore.html
Tax for Doctors,Guntur,article-itr-doctors-guntur.html,https://taxamc.com/article-itr-doctors-guntur.html
Tax for Doctors,Rajahmundry,article-itr-doctors-rajahmundry.html,https://taxamc.com/article-itr-doctors-rajahmundry.html
Tax for Doctors,Karimnagar,article-itr-doctors-karimnagar.html,https://taxamc.com/article-itr-doctors-karimnagar.html
Tax for Doctors,Nizamabad,article-itr-doctors-nizamabad.html,https://taxamc.com/article-itr-doctors-nizamabad.html
Tax for Doctors,Thrissur,article-itr-doctors-thrissur.html,https://taxamc.com/article-itr-doctors-thrissur.html
Tax for Doctors,Kollam,article-itr-doctors-kollam.html,https://taxamc.com/article-itr-doctors-kollam.html
Tax for Doctors,Kannur,article-itr-doctors-kannur.html,https://taxamc.com/article-itr-doctors-kannur.html
Tax for Doctors,Palakkad,article-itr-doctors-palakkad.html,https://taxamc.com/article-itr-doctors-palakkad.html
Tax for Doctors,Muzaffarpur,article-itr-doctors-muzaffarpur.html,https://taxamc.com/article-itr-doctors-muzaffarpur.html
Tax for Doctors,Gaya,article-itr-doctors-gaya.html,https://taxamc.com/article-itr-doctors-gaya.html
Tax for Doctors,Bhagalpur,article-itr-doctors-bhagalpur.html,https://taxamc.com/article-itr-doctors-bhagalpur.html
Tax for Doctors,Darbhanga,article-itr-doctors-darbhanga.html,https://taxamc.com/article-itr-doctors-darbhanga.html
Tax for Doctors,Cuttack,article-itr-doctors-cuttack.html,https://taxamc.com/article-itr-doctors-cuttack.html
Tax for Doctors,Rourkela,article-itr-doctors-rourkela.html,https://taxamc.com/article-itr-doctors-rourkela.html
Tax for Doctors,Asansol,article-itr-doctors-asansol.html,https://taxamc.com/article-itr-doctors-asansol.html
Tax for Doctors,Howrah,article-itr-doctors-howrah.html,https://taxamc.com/article-itr-doctors-howrah.html
Tax for Doctors,Burdwan,article-itr-doctors-burdwan.html,https://taxamc.com/article-itr-doctors-burdwan.html
Tax for Doctors,Malda,article-itr-doctors-malda.html,https://taxamc.com/article-itr-doctors-malda.html
Tax for Doctors,Dhanbad,article-itr-doctors-dhanbad.html,https://taxamc.com/article-itr-doctors-dhanbad.html
Tax for Doctors,Bokaro,article-itr-doctors-bokaro.html,https://taxamc.com/article-itr-doctors-bokaro.html
Tax for Doctors,Bhilai,article-itr-doctors-bhilai.html,https://taxamc.com/article-itr-doctors-bhilai.html
Tax for Doctors,Bilaspur,article-itr-doctors-bilaspur.html,https://taxamc.com/article-itr-doctors-bilaspur.html
Tax for Doctors,Korba,article-itr-doctors-korba.html,https://taxamc.com/article-itr-doctors-korba.html
Tax for Doctors,Anand,article-itr-doctors-anand.html,https://taxamc.com/article-itr-doctors-anand.html
Tax for Doctors,Jamnagar,article-itr-doctors-jamnagar.html,https://taxamc.com/article-itr-doctors-jamnagar.html
Tax for Doctors,Morbi,article-itr-doctors-morbi.html,https://taxamc.com/article-itr-doctors-morbi.html
Tax for Doctors,Junagadh,article-itr-doctors-junagadh.html,https://taxamc.com/article-itr-doctors-junagadh.html
Tax for Doctors,Navsari,article-itr-doctors-navsari.html,https://taxamc.com/article-itr-doctors-navsari.html
Tax for Doctors,Baddi,article-itr-doctors-baddi.html,https://taxamc.com/article-itr-doctors-baddi.html
Tax for Doctors,Solan,article-itr-doctors-solan.html,https://taxamc.com/article-itr-doctors-solan.html
Tax for Doctors,Haldwani,article-itr-doctors-haldwani.html,https://taxamc.com/article-itr-doctors-haldwani.html
Tax for Doctors,Rudrapur,article-itr-doctors-rudrapur.html,https://taxamc.com/article-itr-doctors-rudrapur.html
Tax for Doctors,Rishikesh,article-itr-doctors-rishikesh.html,https://taxamc.com/article-itr-doctors-rishikesh.html
Tax for Doctors,Ujjain,article-itr-doctors-ujjain.html,https://taxamc.com/article-itr-doctors-ujjain.html
Tax for Doctors,Sagar,article-itr-doctors-sagar.html,https://taxamc.com/article-itr-doctors-sagar.html
Tax for Doctors,Satna,article-itr-doctors-satna.html,https://taxamc.com/article-itr-doctors-satna.html
Tax for Doctors,Rewa,article-itr-doctors-rewa.html,https://taxamc.com/article-itr-doctors-rewa.html
Tax for Doctors,Gorakhpur,article-itr-doctors-gorakhpur.html,https://taxamc.com/article-itr-doctors-gorakhpur.html
Tax for Doctors,Firozabad,article-itr-doctors-firozabad.html,https://taxamc.com/article-itr-doctors-firozabad.html
Tax for Doctors,Bulandshahr,article-itr-doctors-bulandshahr.html,https://taxamc.com/article-itr-doctors-bulandshahr.html
Tax for Doctors,Shahjahanpur,article-itr-doctors-shahjahanpur.html,https://taxamc.com/article-itr-doctors-shahjahanpur.html
Tax for Doctors,Jhansi,article-itr-doctors-jhansi.html,https://taxamc.com/article-itr-doctors-jhansi.html
Tax for Doctors,Silchar,article-itr-doctors-silchar.html,https://taxamc.com/article-itr-doctors-silchar.html
Tax for Doctors,Jorhat,article-itr-doctors-jorhat.html,https://taxamc.com/article-itr-doctors-jorhat.html
Tax for Doctors,Imphal,article-itr-doctors-imphal.html,https://taxamc.com/article-itr-doctors-imphal.html
Tax for Doctors,Shillong,article-itr-doctors-shillong.html,https://taxamc.com/article-itr-doctors-shillong.html
Tax for Doctors,Agartala,article-itr-doctors-agartala.html,https://taxamc.com/article-itr-doctors-agartala.html
Tax for Doctors,Aizawl,article-itr-doctors-aizawl.html,https://taxamc.com/article-itr-doctors-aizawl.html
Tax for Doctors,Dimapur,article-itr-doctors-dimapur.html,https://taxamc.com/article-itr-doctors-dimapur.html
Tax for Doctors,Gangtok,article-itr-doctors-gangtok.html,https://taxamc.com/article-itr-doctors-gangtok.html
Tax for Doctors,Itanagar,article-itr-doctors-itanagar.html,https://taxamc.com/article-itr-doctors-itanagar.html
Tax for Doctors,Mau,article-itr-doctors-mau.html,https://taxamc.com/article-itr-doctors-mau.html
Tax for Doctors,Rampur,article-itr-doctors-rampur.html,https://taxamc.com/article-itr-doctors-rampur.html
Tax for Doctors,Etawah,article-itr-doctors-etawah.html,https://taxamc.com/article-itr-doctors-etawah.html
Tax for Doctors,Bhilwara,article-itr-doctors-bhilwara.html,https://taxamc.com/article-itr-doctors-bhilwara.html
Tax for Doctors,Sikar,article-itr-doctors-sikar.html,https://taxamc.com/article-itr-doctors-sikar.html
Tax for Doctors,Kurnool,article-itr-doctors-kurnool.html,https://taxamc.com/article-itr-doctors-kurnool.html
Tax for Doctors,Nellore,article-itr-doctors-nellore.html,https://taxamc.com/article-itr-doctors-nellore.html
Tax for Doctors,Kadapa,article-itr-doctors-kadapa.html,https://taxamc.com/article-itr-doctors-kadapa.html
Tax for Doctors,Bharuch,article-itr-doctors-bharuch.html,https://taxamc.com/article-itr-doctors-bharuch.html
Tax for Doctors,Vapi,article-itr-doctors-vapi.html,https://taxamc.com/article-itr-doctors-vapi.html
Tax for Doctors,Mehsana,article-itr-doctors-mehsana.html,https://taxamc.com/article-itr-doctors-mehsana.html
Tax for Doctors,Akola,article-itr-doctors-akola.html,https://taxamc.com/article-itr-doctors-akola.html
Tax for Doctors,Tumkur,article-itr-doctors-tumkur.html,https://taxamc.com/article-itr-doctors-tumkur.html
Tax for Doctors,Thanjavur,article-itr-doctors-thanjavur.html,https://taxamc.com/article-itr-doctors-thanjavur.html
Tax for Doctors,Thoothukudi,article-itr-doctors-thoothukudi.html,https://taxamc.com/article-itr-doctors-thoothukudi.html
Tax for Doctors,Lakhimpur Kheri,article-itr-doctors-lakhimpur-kheri.html,https://taxamc.com/article-itr-doctors-lakhimpur-kheri.html
Tax for Doctors,Unnao,article-itr-doctors-unnao.html,https://taxamc.com/article-itr-doctors-unnao.html
Tax for Doctors,Ganganagar,article-itr-doctors-ganganagar.html,https://taxamc.com/article-itr-doctors-ganganagar.html
Tax for Doctors,Barmer,article-itr-doctors-barmer.html,https://taxamc.com/article-itr-doctors-barmer.html
Tax for Doctors,Surendranagar,article-itr-doctors-surendranagar.html,https://taxamc.com/article-itr-doctors-surendranagar.html
Tax for Doctors,Gandhidham,article-itr-doctors-gandhidham.html,https://taxamc.com/article-itr-doctors-gandhidham.html
Tax for Doctors,Bhuj,article-itr-doctors-bhuj.html,https://taxamc.com/article-itr-doctors-bhuj.html
Tax for Doctors,Anantapur,article-itr-doctors-anantapur.html,https://taxamc.com/article-itr-doctors-anantapur.html
Tax for Doctors,Purnia,article-itr-doctors-purnia.html,https://taxamc.com/article-itr-doctors-purnia.html
Tax for Doctors,Dewas,article-itr-doctors-dewas.html,https://taxamc.com/article-itr-doctors-dewas.html
Tax for Doctors,Ratlam,article-itr-doctors-ratlam.html,https://taxamc.com/article-itr-doctors-ratlam.html
Tax for Doctors,Khammam,article-itr-doctors-khammam.html,https://taxamc.com/article-itr-doctors-khammam.html
Tax for Doctors,Krishnanagar,article-itr-doctors-krishnanagar.html,https://taxamc.com/article-itr-doctors-krishnanagar.html
Tax for Doctors,Dharamsala,article-itr-doctors-dharamsala.html,https://taxamc.com/article-itr-doctors-dharamsala.html
Tax for Doctors,Mirzapur,article-itr-doctors-mirzapur.html,https://taxamc.com/article-itr-doctors-mirzapur.html
Tax for Doctors,Azamgarh,article-itr-doctors-azamgarh.html,https://taxamc.com/article-itr-doctors-azamgarh.html
Tax for Doctors,Jaunpur,article-itr-doctors-jaunpur.html,https://taxamc.com/article-itr-doctors-jaunpur.html
Tax for Doctors,Ballia,article-itr-doctors-ballia.html,https://taxamc.com/article-itr-doctors-ballia.html
Tax for Doctors,Sultanpur,article-itr-doctors-sultanpur.html,https://taxamc.com/article-itr-doctors-sultanpur.html
Tax for Doctors,Bahraich,article-itr-doctors-bahraich.html,https://taxamc.com/article-itr-doctors-bahraich.html
Tax for Doctors,Gonda,article-itr-doctors-gonda.html,https://taxamc.com/article-itr-doctors-gonda.html
Tax for Doctors,Faizabad,article-itr-doctors-faizabad.html,https://taxamc.com/article-itr-doctors-faizabad.html
Tax for Doctors,Port Blair,article-itr-doctors-port-blair.html,https://taxamc.com/article-itr-doctors-port-blair.html
Tax for Doctors,Kavaratti,article-itr-doctors-kavaratti.html,https://taxamc.com/article-itr-doctors-kavaratti.html
Tax for Doctors,Leh,article-itr-doctors-leh.html,https://taxamc.com/article-itr-doctors-leh.html
Tax for Doctors,Tiruvannamalai,article-itr-doctors-tiruvannamalai.html,https://taxamc.com/article-itr-doctors-tiruvannamalai.html
Tax for Doctors,Dindigul,article-itr-doctors-dindigul.html,https://taxamc.com/article-itr-doctors-dindigul.html
Tax for Doctors,Nagapattinam,article-itr-doctors-nagapattinam.html,https://taxamc.com/article-itr-doctors-nagapattinam.html
Tax for Doctors,Shimoga,article-itr-doctors-shimoga.html,https://taxamc.com/article-itr-doctors-shimoga.html
Tax for Doctors,Hassan,article-itr-doctors-hassan.html,https://taxamc.com/article-itr-doctors-hassan.html
