url,priority,label
https://taxamc.com/article-ca-dheerkhera.html,0.8,CA Services — Dheerkhera Industrial Area
https://taxamc.com/article-gst-dheerkhera.html,0.8,GST Registration & Returns — Dheerkhera Industrial Area
https://taxamc.com/article-msme-dheerkhera.html,0.7,MSME Registration — Dheerkhera Industrial Area
https://taxamc.com/article-itr-business-owners-dheerkhera.html,0.7,ITR for Business Owners — Dheerkhera Industrial Area
https://taxamc.com/article-tds-contractors-dheerkhera.html,0.7,TDS for Contractors — Dheerkhera Industrial Area
https://taxamc.com/article-ca-dhaulana.html,0.8,CA Services — Dhaulana Industrial Area
https://taxamc.com/article-gst-dhaulana.html,0.8,GST Registration & Returns — Dhaulana Industrial Area
https://taxamc.com/article-msme-dhaulana.html,0.7,MSME Registration — Dhaulana Industrial Area
https://taxamc.com/article-itr-business-owners-dhaulana.html,0.7,ITR for Business Owners — Dhaulana Industrial Area
https://taxamc.com/article-tds-contractors-dhaulana.html,0.7,TDS for Contractors — Dhaulana Industrial Area
https://taxamc.com/article-ca-mussoorie-gulaothi.html,0.8,CA Services — Mussoorie Gulaothi Road Industrial Area
https://taxamc.com/article-gst-mussoorie-gulaothi.html,0.8,GST Registration & Returns — Mussoorie Gulaothi Road Industrial Area
https://taxamc.com/article-msme-mussoorie-gulaothi.html,0.7,MSME Registration — Mussoorie Gulaothi Road Industrial Area
https://taxamc.com/article-itr-business-owners-mussoorie-gulaothi.html,0.7,ITR for Business Owners — Mussoorie Gulaothi Road Industrial Area
https://taxamc.com/article-tds-contractors-mussoorie-gulaothi.html,0.7,TDS for Contractors — Mussoorie Gulaothi Road Industrial Area
https://taxamc.com/article-ca-sikheda.html,0.8,CA Services — Sikheda Industrial Area
https://taxamc.com/article-gst-sikheda.html,0.8,GST Registration & Returns — Sikheda Industrial Area
https://taxamc.com/article-msme-sikheda.html,0.7,MSME Registration — Sikheda Industrial Area
https://taxamc.com/article-itr-business-owners-sikheda.html,0.7,ITR for Business Owners — Sikheda Industrial Area
https://taxamc.com/article-tds-contractors-sikheda.html,0.7,TDS for Contractors — Sikheda Industrial Area
https://taxamc.com/article-ca-pilkhuwa.html,0.8,CA Services — Pilkhuwa Industrial Area
https://taxamc.com/article-gst-pilkhuwa.html,0.8,GST Registration & Returns — Pilkhuwa Industrial Area
https://taxamc.com/article-msme-pilkhuwa.html,0.7,MSME Registration — Pilkhuwa Industrial Area
https://taxamc.com/article-itr-business-owners-pilkhuwa.html,0.7,ITR for Business Owners — Pilkhuwa Industrial Area
https://taxamc.com/article-tds-contractors-pilkhuwa.html,0.7,TDS for Contractors — Pilkhuwa Industrial Area
https://taxamc.com/article-ca-modinagar.html,0.8,CA Services — Modinagar Industrial Area
https://taxamc.com/article-gst-modinagar.html,0.8,GST Registration & Returns — Modinagar Industrial Area
https://taxamc.com/article-msme-modinagar.html,0.7,MSME Registration — Modinagar Industrial Area
https://taxamc.com/article-itr-business-owners-modinagar.html,0.7,ITR for Business Owners — Modinagar Industrial Area
https://taxamc.com/article-tds-contractors-modinagar.html,0.7,TDS for Contractors — Modinagar Industrial Area
https://taxamc.com/article-ca-dasna.html,0.8,CA Services — Dasna Industrial Area
https://taxamc.com/article-gst-dasna.html,0.8,GST Registration & Returns — Dasna Industrial Area
https://taxamc.com/article-msme-dasna.html,0.7,MSME Registration — Dasna Industrial Area
https://taxamc.com/article-itr-business-owners-dasna.html,0.7,ITR for Business Owners — Dasna Industrial Area
https://taxamc.com/article-tds-contractors-dasna.html,0.7,TDS for Contractors — Dasna Industrial Area
https://taxamc.com/article-ca-sahibabad.html,0.8,CA Services — Sahibabad Industrial Area
https://taxamc.com/article-gst-sahibabad.html,0.8,GST Registration & Returns — Sahibabad Industrial Area
https://taxamc.com/article-msme-sahibabad.html,0.7,MSME Registration — Sahibabad Industrial Area
https://taxamc.com/article-itr-business-owners-sahibabad.html,0.7,ITR for Business Owners — Sahibabad Industrial Area
https://taxamc.com/article-tds-contractors-sahibabad.html,0.7,TDS for Contractors — Sahibabad Industrial Area
https://taxamc.com/article-ca-loni.html,0.8,CA Services — Loni Industrial Area
https://taxamc.com/article-gst-loni.html,0.8,GST Registration & Returns — Loni Industrial Area
https://taxamc.com/article-msme-loni.html,0.7,MSME Registration — Loni Industrial Area
https://taxamc.com/article-itr-business-owners-loni.html,0.7,ITR for Business Owners — Loni Industrial Area
https://taxamc.com/article-tds-contractors-loni.html,0.7,TDS for Contractors — Loni Industrial Area
https://taxamc.com/article-ca-okhla.html,0.8,CA Services — Okhla Industrial Area
https://taxamc.com/article-gst-okhla.html,0.8,GST Registration & Returns — Okhla Industrial Area
https://taxamc.com/article-msme-okhla.html,0.7,MSME Registration — Okhla Industrial Area
https://taxamc.com/article-itr-business-owners-okhla.html,0.7,ITR for Business Owners — Okhla Industrial Area
https://taxamc.com/article-tds-contractors-okhla.html,0.7,TDS for Contractors — Okhla Industrial Area
https://taxamc.com/article-ca-patparganj.html,0.8,CA Services — Patparganj Industrial Area
https://taxamc.com/article-gst-patparganj.html,0.8,GST Registration & Returns — Patparganj Industrial Area
https://taxamc.com/article-msme-patparganj.html,0.7,MSME Registration — Patparganj Industrial Area
https://taxamc.com/article-itr-business-owners-patparganj.html,0.7,ITR for Business Owners — Patparganj Industrial Area
https://taxamc.com/article-tds-contractors-patparganj.html,0.7,TDS for Contractors — Patparganj Industrial Area
https://taxamc.com/article-ca-wazirpur.html,0.8,CA Services — Wazirpur Industrial Area
https://taxamc.com/article-gst-wazirpur.html,0.8,GST Registration & Returns — Wazirpur Industrial Area
https://taxamc.com/article-msme-wazirpur.html,0.7,MSME Registration — Wazirpur Industrial Area
https://taxamc.com/article-itr-business-owners-wazirpur.html,0.7,ITR for Business Owners — Wazirpur Industrial Area
https://taxamc.com/article-tds-contractors-wazirpur.html,0.7,TDS for Contractors — Wazirpur Industrial Area
https://taxamc.com/article-ca-bawana.html,0.8,CA Services — Bawana Industrial Area
https://taxamc.com/article-gst-bawana.html,0.8,GST Registration & Returns — Bawana Industrial Area
https://taxamc.com/article-msme-bawana.html,0.7,MSME Registration — Bawana Industrial Area
https://taxamc.com/article-itr-business-owners-bawana.html,0.7,ITR for Business Owners — Bawana Industrial Area
https://taxamc.com/article-tds-contractors-bawana.html,0.7,TDS for Contractors — Bawana Industrial Area
https://taxamc.com/article-ca-narela.html,0.8,CA Services — Narela Industrial Area
https://taxamc.com/article-gst-narela.html,0.8,GST Registration & Returns — Narela Industrial Area
https://taxamc.com/article-msme-narela.html,0.7,MSME Registration — Narela Industrial Area
https://taxamc.com/article-itr-business-owners-narela.html,0.7,ITR for Business Owners — Narela Industrial Area
https://taxamc.com/article-tds-contractors-narela.html,0.7,TDS for Contractors — Narela Industrial Area
https://taxamc.com/article-ca-manesar.html,0.8,CA Services — IMT Manesar Industrial Area
https://taxamc.com/article-gst-manesar.html,0.8,GST Registration & Returns — IMT Manesar Industrial Area
https://taxamc.com/article-msme-manesar.html,0.7,MSME Registration — IMT Manesar Industrial Area
https://taxamc.com/article-itr-business-owners-manesar.html,0.7,ITR for Business Owners — IMT Manesar Industrial Area
https://taxamc.com/article-tds-contractors-manesar.html,0.7,TDS for Contractors — IMT Manesar Industrial Area
https://taxamc.com/article-ca-faridabad-industrial.html,0.8,CA Services — Faridabad Industrial Area
https://taxamc.com/article-gst-faridabad-industrial.html,0.8,GST Registration & Returns — Faridabad Industrial Area
https://taxamc.com/article-msme-faridabad-industrial.html,0.7,MSME Registration — Faridabad Industrial Area
https://taxamc.com/article-itr-business-owners-faridabad-industrial.html,0.7,ITR for Business Owners — Faridabad Industrial Area
https://taxamc.com/article-tds-contractors-faridabad-industrial.html,0.7,TDS for Contractors — Faridabad Industrial Area
https://taxamc.com/article-ca-panipat-industrial.html,0.8,CA Services — Panipat Industrial Area
https://taxamc.com/article-gst-panipat-industrial.html,0.8,GST Registration & Returns — Panipat Industrial Area
https://taxamc.com/article-msme-panipat-industrial.html,0.7,MSME Registration — Panipat Industrial Area
https://taxamc.com/article-itr-business-owners-panipat-industrial.html,0.7,ITR for Business Owners — Panipat Industrial Area
https://taxamc.com/article-tds-contractors-panipat-industrial.html,0.7,TDS for Contractors — Panipat Industrial Area
https://taxamc.com/article-ca-ludhiana-industrial.html,0.8,CA Services — Ludhiana Industrial Area
https://taxamc.com/article-gst-ludhiana-industrial.html,0.8,GST Registration & Returns — Ludhiana Industrial Area
https://taxamc.com/article-msme-ludhiana-industrial.html,0.7,MSME Registration — Ludhiana Industrial Area
https://taxamc.com/article-itr-business-owners-ludhiana-industrial.html,0.7,ITR for Business Owners — Ludhiana Industrial Area
https://taxamc.com/article-tds-contractors-ludhiana-industrial.html,0.7,TDS for Contractors — Ludhiana Industrial Area
https://taxamc.com/article-ca-bhiwadi.html,0.8,CA Services — Bhiwadi Industrial Area
https://taxamc.com/article-gst-bhiwadi.html,0.8,GST Registration & Returns — Bhiwadi Industrial Area
https://taxamc.com/article-msme-bhiwadi.html,0.7,MSME Registration — Bhiwadi Industrial Area
https://taxamc.com/article-itr-business-owners-bhiwadi.html,0.7,ITR for Business Owners — Bhiwadi Industrial Area
https://taxamc.com/article-tds-contractors-bhiwadi.html,0.7,TDS for Contractors — Bhiwadi Industrial Area
https://taxamc.com/article-ca-neemrana.html,0.8,CA Services — Neemrana Industrial Area
https://taxamc.com/article-gst-neemrana.html,0.8,GST Registration & Returns — Neemrana Industrial Area
https://taxamc.com/article-msme-neemrana.html,0.7,MSME Registration — Neemrana Industrial Area
https://taxamc.com/article-itr-business-owners-neemrana.html,0.7,ITR for Business Owners — Neemrana Industrial Area
https://taxamc.com/article-tds-contractors-neemrana.html,0.7,TDS for Contractors — Neemrana Industrial Area
https://taxamc.com/article-ca-peenya.html,0.8,CA Services — Peenya Industrial Area
https://taxamc.com/article-gst-peenya.html,0.8,GST Registration & Returns — Peenya Industrial Area
https://taxamc.com/article-msme-peenya.html,0.7,MSME Registration — Peenya Industrial Area
https://taxamc.com/article-itr-business-owners-peenya.html,0.7,ITR for Business Owners — Peenya Industrial Area
https://taxamc.com/article-tds-contractors-peenya.html,0.7,TDS for Contractors — Peenya Industrial Area
https://taxamc.com/article-ca-bommasandra.html,0.8,CA Services — Bommasandra Industrial Area
https://taxamc.com/article-gst-bommasandra.html,0.8,GST Registration & Returns — Bommasandra Industrial Area
https://taxamc.com/article-msme-bommasandra.html,0.7,MSME Registration — Bommasandra Industrial Area
https://taxamc.com/article-itr-business-owners-bommasandra.html,0.7,ITR for Business Owners — Bommasandra Industrial Area
https://taxamc.com/article-tds-contractors-bommasandra.html,0.7,TDS for Contractors — Bommasandra Industrial Area
https://taxamc.com/article-ca-hosur.html,0.8,CA Services — Hosur Industrial Area
https://taxamc.com/article-gst-hosur.html,0.8,GST Registration & Returns — Hosur Industrial Area
https://taxamc.com/article-msme-hosur.html,0.7,MSME Registration — Hosur Industrial Area
https://taxamc.com/article-itr-business-owners-hosur.html,0.7,ITR for Business Owners — Hosur Industrial Area
https://taxamc.com/article-tds-contractors-hosur.html,0.7,TDS for Contractors — Hosur Industrial Area
https://taxamc.com/article-ca-ambattur.html,0.8,CA Services — Ambattur Industrial Estate
https://taxamc.com/article-gst-ambattur.html,0.8,GST Registration & Returns — Ambattur Industrial Estate
https://taxamc.com/article-msme-ambattur.html,0.7,MSME Registration — Ambattur Industrial Estate
https://taxamc.com/article-itr-business-owners-ambattur.html,0.7,ITR for Business Owners — Ambattur Industrial Estate
https://taxamc.com/article-tds-contractors-ambattur.html,0.7,TDS for Contractors — Ambattur Industrial Estate
https://taxamc.com/article-ca-tirupur.html,0.8,CA Services — Tirupur Industrial Area
https://taxamc.com/article-gst-tirupur.html,0.8,GST Registration & Returns — Tirupur Industrial Area
https://taxamc.com/article-msme-tirupur.html,0.7,MSME Registration — Tirupur Industrial Area
https://taxamc.com/article-itr-business-owners-tirupur.html,0.7,ITR for Business Owners — Tirupur Industrial Area
https://taxamc.com/article-tds-contractors-tirupur.html,0.7,TDS for Contractors — Tirupur Industrial Area
https://taxamc.com/article-ca-coimbatore-industrial.html,0.8,CA Services — Coimbatore Industrial Area
https://taxamc.com/article-gst-coimbatore-industrial.html,0.8,GST Registration & Returns — Coimbatore Industrial Area
https://taxamc.com/article-msme-coimbatore-industrial.html,0.7,MSME Registration — Coimbatore Industrial Area
https://taxamc.com/article-itr-business-owners-coimbatore-industrial.html,0.7,ITR for Business Owners — Coimbatore Industrial Area
https://taxamc.com/article-tds-contractors-coimbatore-industrial.html,0.7,TDS for Contractors — Coimbatore Industrial Area
https://taxamc.com/article-ca-midc-pune.html,0.8,CA Services — MIDC Pune Industrial Area
https://taxamc.com/article-gst-midc-pune.html,0.8,GST Registration & Returns — MIDC Pune Industrial Area
https://taxamc.com/article-msme-midc-pune.html,0.7,MSME Registration — MIDC Pune Industrial Area
https://taxamc.com/article-itr-business-owners-midc-pune.html,0.7,ITR for Business Owners — MIDC Pune Industrial Area
https://taxamc.com/article-tds-contractors-midc-pune.html,0.7,TDS for Contractors — MIDC Pune Industrial Area
https://taxamc.com/article-ca-pimpri-chinchwad.html,0.8,CA Services — Pimpri Chinchwad Industrial Area
https://taxamc.com/article-gst-pimpri-chinchwad.html,0.8,GST Registration & Returns — Pimpri Chinchwad Industrial Area
https://taxamc.com/article-msme-pimpri-chinchwad.html,0.7,MSME Registration — Pimpri Chinchwad Industrial Area
https://taxamc.com/article-itr-business-owners-pimpri-chinchwad.html,0.7,ITR for Business Owners — Pimpri Chinchwad Industrial Area
https://taxamc.com/article-tds-contractors-pimpri-chinchwad.html,0.7,TDS for Contractors — Pimpri Chinchwad Industrial Area
https://taxamc.com/article-ca-midc-nashik.html,0.8,CA Services — MIDC Nashik Industrial Area
https://taxamc.com/article-gst-midc-nashik.html,0.8,GST Registration & Returns — MIDC Nashik Industrial Area
https://taxamc.com/article-msme-midc-nashik.html,0.7,MSME Registration — MIDC Nashik Industrial Area
https://taxamc.com/article-itr-business-owners-midc-nashik.html,0.7,ITR for Business Owners — MIDC Nashik Industrial Area
https://taxamc.com/article-tds-contractors-midc-nashik.html,0.7,TDS for Contractors — MIDC Nashik Industrial Area
https://taxamc.com/article-ca-midc-aurangabad.html,0.8,CA Services — MIDC Aurangabad Industrial Area
https://taxamc.com/article-gst-midc-aurangabad.html,0.8,GST Registration & Returns — MIDC Aurangabad Industrial Area
https://taxamc.com/article-msme-midc-aurangabad.html,0.7,MSME Registration — MIDC Aurangabad Industrial Area
https://taxamc.com/article-itr-business-owners-midc-aurangabad.html,0.7,ITR for Business Owners — MIDC Aurangabad Industrial Area
https://taxamc.com/article-tds-contractors-midc-aurangabad.html,0.7,TDS for Contractors — MIDC Aurangabad Industrial Area
https://taxamc.com/article-ca-gidc-vatva.html,0.8,CA Services — GIDC Vatva Industrial Area
https://taxamc.com/article-gst-gidc-vatva.html,0.8,GST Registration & Returns — GIDC Vatva Industrial Area
https://taxamc.com/article-msme-gidc-vatva.html,0.7,MSME Registration — GIDC Vatva Industrial Area
https://taxamc.com/article-itr-business-owners-gidc-vatva.html,0.7,ITR for Business Owners — GIDC Vatva Industrial Area
https://taxamc.com/article-tds-contractors-gidc-vatva.html,0.7,TDS for Contractors — GIDC Vatva Industrial Area
https://taxamc.com/article-ca-vapi.html,0.8,CA Services — Vapi Industrial Area
https://taxamc.com/article-gst-vapi.html,0.8,GST Registration & Returns — Vapi Industrial Area
https://taxamc.com/article-msme-vapi.html,0.7,MSME Registration — Vapi Industrial Area
https://taxamc.com/article-itr-business-owners-vapi.html,0.7,ITR for Business Owners — Vapi Industrial Area
https://taxamc.com/article-tds-contractors-vapi.html,0.7,TDS for Contractors — Vapi Industrial Area
https://taxamc.com/article-ca-ankleshwar.html,0.8,CA Services — Ankleshwar Industrial Area
https://taxamc.com/article-gst-ankleshwar.html,0.8,GST Registration & Returns — Ankleshwar Industrial Area
https://taxamc.com/article-msme-ankleshwar.html,0.7,MSME Registration — Ankleshwar Industrial Area
https://taxamc.com/article-itr-business-owners-ankleshwar.html,0.7,ITR for Business Owners — Ankleshwar Industrial Area
https://taxamc.com/article-tds-contractors-ankleshwar.html,0.7,TDS for Contractors — Ankleshwar Industrial Area
https://taxamc.com/article-ca-gidc-surat.html,0.8,CA Services — GIDC Surat Industrial Area
https://taxamc.com/article-gst-gidc-surat.html,0.8,GST Registration & Returns — GIDC Surat Industrial Area
https://taxamc.com/article-msme-gidc-surat.html,0.7,MSME Registration — GIDC Surat Industrial Area
https://taxamc.com/article-itr-business-owners-gidc-surat.html,0.7,ITR for Business Owners — GIDC Surat Industrial Area
https://taxamc.com/article-tds-contractors-gidc-surat.html,0.7,TDS for Contractors — GIDC Surat Industrial Area
https://taxamc.com/article-ca-pithampur.html,0.8,CA Services — Pithampur Industrial Area
https://taxamc.com/article-gst-pithampur.html,0.8,GST Registration & Returns — Pithampur Industrial Area
https://taxamc.com/article-msme-pithampur.html,0.7,MSME Registration — Pithampur Industrial Area
https://taxamc.com/article-itr-business-owners-pithampur.html,0.7,ITR for Business Owners — Pithampur Industrial Area
https://taxamc.com/article-tds-contractors-pithampur.html,0.7,TDS for Contractors — Pithampur Industrial Area
https://taxamc.com/article-ca-govindpura.html,0.8,CA Services — Govindpura Industrial Area
https://taxamc.com/article-gst-govindpura.html,0.8,GST Registration & Returns — Govindpura Industrial Area
https://taxamc.com/article-msme-govindpura.html,0.7,MSME Registration — Govindpura Industrial Area
https://taxamc.com/article-itr-business-owners-govindpura.html,0.7,ITR for Business Owners — Govindpura Industrial Area
https://taxamc.com/article-tds-contractors-govindpura.html,0.7,TDS for Contractors — Govindpura Industrial Area
https://taxamc.com/article-ca-butibori.html,0.8,CA Services — Butibori Industrial Area
https://taxamc.com/article-gst-butibori.html,0.8,GST Registration & Returns — Butibori Industrial Area
https://taxamc.com/article-msme-butibori.html,0.7,MSME Registration — Butibori Industrial Area
https://taxamc.com/article-itr-business-owners-butibori.html,0.7,ITR for Business Owners — Butibori Industrial Area
https://taxamc.com/article-tds-contractors-butibori.html,0.7,TDS for Contractors — Butibori Industrial Area
https://taxamc.com/article-ca-patancheru.html,0.8,CA Services — Patancheru Industrial Area
https://taxamc.com/article-gst-patancheru.html,0.8,GST Registration & Returns — Patancheru Industrial Area
https://taxamc.com/article-msme-patancheru.html,0.7,MSME Registration — Patancheru Industrial Area
https://taxamc.com/article-itr-business-owners-patancheru.html,0.7,ITR for Business Owners — Patancheru Industrial Area
https://taxamc.com/article-tds-contractors-patancheru.html,0.7,TDS for Contractors — Patancheru Industrial Area
https://taxamc.com/article-ca-nacharam.html,0.8,CA Services — IDA Nacharam Industrial Area
https://taxamc.com/article-gst-nacharam.html,0.8,GST Registration & Returns — IDA Nacharam Industrial Area
https://taxamc.com/article-msme-nacharam.html,0.7,MSME Registration — IDA Nacharam Industrial Area
https://taxamc.com/article-itr-business-owners-nacharam.html,0.7,ITR for Business Owners — IDA Nacharam Industrial Area
https://taxamc.com/article-tds-contractors-nacharam.html,0.7,TDS for Contractors — IDA Nacharam Industrial Area
https://taxamc.com/article-ca-noida-industrial.html,0.8,CA Services — Noida Industrial Area
https://taxamc.com/article-gst-noida-industrial.html,0.8,GST Registration & Returns — Noida Industrial Area
https://taxamc.com/article-msme-noida-industrial.html,0.7,MSME Registration — Noida Industrial Area
https://taxamc.com/article-itr-business-owners-noida-industrial.html,0.7,ITR for Business Owners — Noida Industrial Area
https://taxamc.com/article-tds-contractors-noida-industrial.html,0.7,TDS for Contractors — Noida Industrial Area
https://taxamc.com/article-ca-greater-noida-industrial.html,0.8,CA Services — Greater Noida Industrial Area
https://taxamc.com/article-gst-greater-noida-industrial.html,0.8,GST Registration & Returns — Greater Noida Industrial Area
https://taxamc.com/article-msme-greater-noida-industrial.html,0.7,MSME Registration — Greater Noida Industrial Area
https://taxamc.com/article-itr-business-owners-greater-noida-industrial.html,0.7,ITR for Business Owners — Greater Noida Industrial Area
https://taxamc.com/article-tds-contractors-greater-noida-industrial.html,0.7,TDS for Contractors — Greater Noida Industrial Area
https://taxamc.com/article-ca-baddi.html,0.8,CA Services — Baddi Industrial Area
https://taxamc.com/article-gst-baddi.html,0.8,GST Registration & Returns — Baddi Industrial Area
https://taxamc.com/article-msme-baddi.html,0.7,MSME Registration — Baddi Industrial Area
https://taxamc.com/article-itr-business-owners-baddi.html,0.7,ITR for Business Owners — Baddi Industrial Area
https://taxamc.com/article-tds-contractors-baddi.html,0.7,TDS for Contractors — Baddi Industrial Area
https://taxamc.com/article-ca-epip-haridwar.html,0.8,CA Services — EPIP Haridwar Industrial Area
https://taxamc.com/article-gst-epip-haridwar.html,0.8,GST Registration & Returns — EPIP Haridwar Industrial Area
https://taxamc.com/article-msme-epip-haridwar.html,0.7,MSME Registration — EPIP Haridwar Industrial Area
https://taxamc.com/article-itr-business-owners-epip-haridwar.html,0.7,ITR for Business Owners — EPIP Haridwar Industrial Area
https://taxamc.com/article-tds-contractors-epip-haridwar.html,0.7,TDS for Contractors — EPIP Haridwar Industrial Area
https://taxamc.com/article-ca-selaqui.html,0.8,CA Services — Selaqui Industrial Area
https://taxamc.com/article-gst-selaqui.html,0.8,GST Registration & Returns — Selaqui Industrial Area
https://taxamc.com/article-msme-selaqui.html,0.7,MSME Registration — Selaqui Industrial Area
https://taxamc.com/article-itr-business-owners-selaqui.html,0.7,ITR for Business Owners — Selaqui Industrial Area
https://taxamc.com/article-tds-contractors-selaqui.html,0.7,TDS for Contractors — Selaqui Industrial Area
https://taxamc.com/article-ca-dankuni.html,0.8,CA Services — Dankuni Industrial Area
https://taxamc.com/article-gst-dankuni.html,0.8,GST Registration & Returns — Dankuni Industrial Area
https://taxamc.com/article-msme-dankuni.html,0.7,MSME Registration — Dankuni Industrial Area
https://taxamc.com/article-itr-business-owners-dankuni.html,0.7,ITR for Business Owners — Dankuni Industrial Area
https://taxamc.com/article-tds-contractors-dankuni.html,0.7,TDS for Contractors — Dankuni Industrial Area
https://taxamc.com/article-ca-kalyani-industrial.html,0.8,CA Services — Kalyani Industrial Area
https://taxamc.com/article-gst-kalyani-industrial.html,0.8,GST Registration & Returns — Kalyani Industrial Area
https://taxamc.com/article-msme-kalyani-industrial.html,0.7,MSME Registration — Kalyani Industrial Area
https://taxamc.com/article-itr-business-owners-kalyani-industrial.html,0.7,ITR for Business Owners — Kalyani Industrial Area
https://taxamc.com/article-tds-contractors-kalyani-industrial.html,0.7,TDS for Contractors — Kalyani Industrial Area
https://taxamc.com/article-ca-bhubaneswar-industrial.html,0.8,CA Services — Bhubaneswar Industrial Area
https://taxamc.com/article-gst-bhubaneswar-industrial.html,0.8,GST Registration & Returns — Bhubaneswar Industrial Area
https://taxamc.com/article-msme-bhubaneswar-industrial.html,0.7,MSME Registration — Bhubaneswar Industrial Area
https://taxamc.com/article-itr-business-owners-bhubaneswar-industrial.html,0.7,ITR for Business Owners — Bhubaneswar Industrial Area
https://taxamc.com/article-tds-contractors-bhubaneswar-industrial.html,0.7,TDS for Contractors — Bhubaneswar Industrial Area
https://taxamc.com/article-ca-raipur-industrial.html,0.8,CA Services — Raipur Industrial Area
https://taxamc.com/article-gst-raipur-industrial.html,0.8,GST Registration & Returns — Raipur Industrial Area
https://taxamc.com/article-msme-raipur-industrial.html,0.7,MSME Registration — Raipur Industrial Area
https://taxamc.com/article-itr-business-owners-raipur-industrial.html,0.7,ITR for Business Owners — Raipur Industrial Area
https://taxamc.com/article-tds-contractors-raipur-industrial.html,0.7,TDS for Contractors — Raipur Industrial Area
https://taxamc.com/article-ca-kochi-industrial.html,0.8,CA Services — Kochi Industrial Area
https://taxamc.com/article-gst-kochi-industrial.html,0.8,GST Registration & Returns — Kochi Industrial Area
https://taxamc.com/article-msme-kochi-industrial.html,0.7,MSME Registration — Kochi Industrial Area
https://taxamc.com/article-itr-business-owners-kochi-industrial.html,0.7,ITR for Business Owners — Kochi Industrial Area
https://taxamc.com/article-tds-contractors-kochi-industrial.html,0.7,TDS for Contractors — Kochi Industrial Area
https://taxamc.com/article-ca-silvassa.html,0.8,CA Services — Silvassa Industrial Area
https://taxamc.com/article-gst-silvassa.html,0.8,GST Registration & Returns — Silvassa Industrial Area
https://taxamc.com/article-msme-silvassa.html,0.7,MSME Registration — Silvassa Industrial Area
https://taxamc.com/article-itr-business-owners-silvassa.html,0.7,ITR for Business Owners — Silvassa Industrial Area
https://taxamc.com/article-tds-contractors-silvassa.html,0.7,TDS for Contractors — Silvassa Industrial Area
https://taxamc.com/article-ca-jamshedpur-industrial.html,0.8,CA Services — Jamshedpur Industrial Area
https://taxamc.com/article-gst-jamshedpur-industrial.html,0.8,GST Registration & Returns — Jamshedpur Industrial Area
https://taxamc.com/article-msme-jamshedpur-industrial.html,0.7,MSME Registration — Jamshedpur Industrial Area
https://taxamc.com/article-itr-business-owners-jamshedpur-industrial.html,0.7,ITR for Business Owners — Jamshedpur Industrial Area
https://taxamc.com/article-tds-contractors-jamshedpur-industrial.html,0.7,TDS for Contractors — Jamshedpur Industrial Area
https://taxamc.com/article-ca-guwahati-industrial.html,0.8,CA Services — Guwahati Industrial Area
https://taxamc.com/article-gst-guwahati-industrial.html,0.8,GST Registration & Returns — Guwahati Industrial Area
https://taxamc.com/article-msme-guwahati-industrial.html,0.7,MSME Registration — Guwahati Industrial Area
https://taxamc.com/article-itr-business-owners-guwahati-industrial.html,0.7,ITR for Business Owners — Guwahati Industrial Area
https://taxamc.com/article-tds-contractors-guwahati-industrial.html,0.7,TDS for Contractors — Guwahati Industrial Area
