"city","state","state_code","slug","commissionerate","zone","local_areas","key_industries","intro_note","nearby_cities","company_note","gst_note"
"Mumbai","Maharashtra","IN-MH","mumbai","CGST Commissionerate, Mumbai (Central / East / West)","Mumbai Zone","Nariman Point|Bandra Kurla Complex (BKC)|Andheri MIDC|Dharavi|Kurla|Powai|Lower Parel|Navi Mumbai","Financial services and banking (BSE, NSE)|Import-export via JNPT|Bollywood and media production|Textiles and garments|IT and tech startups (BKC, Powai)","India's financial capital and largest commercial city, home to BSE, NSE, India's biggest port at JNPT, and a thriving startup ecosystem.","Thane|Pune|Navi Mumbai|Nashik","Mumbai leads India in MCA company registrations — home to the highest density of listed companies, holding companies, and financial entities.","Mumbai's diverse economy — spanning BFSI, media, textiles, logistics, and retail — means every business category has distinct GST implications."
"Delhi","Delhi","IN-DL","delhi","CGST Commissionerate, Delhi (East / West / North / South)","Delhi Zone","Connaught Place|Chandni Chowk|Karol Bagh|Nehru Place|Okhla Industrial Area|Lajpat Nagar|Rohini|Dwarka","Wholesale and retail trading (Chandni Chowk)|IT hardware and software (Nehru Place)|Garments and textiles (Gandhi Nagar, Lajpat Nagar)|Import-export via ICD Tughlakabad|Government contracting and services","India's national capital and one of Asia's largest wholesale trading hubs, with massive markets in garments, electronics, spices, and general merchandise.","Noida|Gurugram|Ghaziabad|Faridabad","Delhi is India's second-largest company registration hub, with a high density of trading companies, import-export firms, and government-facing entities.","Delhi's unique position as both a state and a union territory gives it dual GST administration — CGST by central government and SGST by Delhi Trade and Taxes Department."
"Bangalore","Karnataka","IN-KA","bangalore","CGST Commissionerate, Bangalore","Bangalore Zone","Whitefield|Electronic City|Koramangala|Indiranagar|MG Road|HSR Layout|Yeshwanthpur Industrial Area|Peenya","IT and software services (Electronic City, Whitefield)|Aerospace and defence (HAL)|Biotech and pharma|Startups and VC-backed companies (Koramangala, HSR Layout)|Garments and textiles","India's Silicon Valley and the country's startup capital — home to the highest number of IT companies, unicorns, and DPIIT-registered startups.","Mysuru|Hubli|Mangaluru|Chennai","Bangalore is India's top city for tech startup incorporation — DPIIT recognition, ESOPs, and foreign investment structuring are high-frequency needs here.","Bangalore's IT sector makes service export compliance and LUT filing critical. Most Bangalore companies need GST registration from day one for B2B client requirements."
"Chennai","Tamil Nadu","IN-TN","chennai","CGST Commissionerate, Chennai","Chennai Zone","Anna Nagar|T. Nagar|Guindy Industrial Estate|Ambattur|Perungudi IT Park|Sholinganallur|Porur|Old Mahabalipuram Road (OMR)","Automobile manufacturing (Ford, Hyundai, BMW plants)|IT services (OMR tech corridor)|Leather and leather goods export|Petrochemicals (Ennore)|Ports and shipping","The Detroit of India — Chennai is India's automobile capital and a major IT and manufacturing export hub, with one of the country's busiest ports.","Coimbatore|Madurai|Vellore|Bengaluru","Chennai sees high company incorporation in auto ancillaries, IT services, and export-oriented manufacturing — with frequent SEZ and EOU compliance needs.","Chennai's auto sector involves complex GST supply chains across OEMs and ancillaries. Export-oriented companies need zero-rated supply compliance and LUT filing."
"Hyderabad","Telangana","IN-TG","hyderabad","CGST Commissionerate, Hyderabad","Hyderabad Zone","HITEC City|Gachibowli|Jubilee Hills|Secunderabad|Begumpet|Kukatpally|Uppal Industrial Area|Shamshabad","IT and pharma (HITEC City, Genome Valley)|Biryani and food industry|Pearl trade and jewellery|Real estate|Airport-linked businesses (Shamshabad)","Hyderabad is India's fastest-growing major city — a dual hub for IT services and pharmaceuticals, with rapid expansion in HITEC City and Genome Valley.","Warangal|Vijayawada|Visakhapatnam|Bengaluru","Hyderabad sees strong demand for company incorporation in pharma, biotech, IT services, and real estate — with increasing foreign investment in HITEC City.","Hyderabad's pharma cluster requires careful GST classification — many APIs and formulations attract different rates. IT firms need export compliance and LUT filing."
"Kolkata","West Bengal","IN-WB","kolkata","CGST Commissionerate, Kolkata","Kolkata Zone","Park Street|Salt Lake (Bidhannagar)|New Town Rajarhat|Burrabazar|Howrah Industrial Area|Sector V IT Hub|Esplanade|Dalhousie","Jute and textiles|Engineering and steel fabrication|Wholesale trading (Burrabazar)|IT services (Salt Lake, New Town)|Jewellery and gold (Bowbazar)","Eastern India's largest commercial city and gateway to Northeast India — Kolkata has a dominant wholesale trading ecosystem and a growing IT corridor in Salt Lake.","Howrah|Durgapur|Siliguri|Bhubaneswar","Kolkata is the ROC jurisdiction for West Bengal. It sees strong demand for company incorporation in trading, jute, engineering, and IT — with significant partnership firm conversions.","Kolkata's wholesale markets like Burrabazar require careful multi-GST-registration planning. Jute and certain textile products have specific GST rate considerations."
"Pune","Maharashtra","IN-MH","pune","CGST Commissionerate, Pune","Pune Zone","Hinjewadi IT Park|Kharadi|Viman Nagar|Pimpri-Chinchwad (PCMC)|Hadapsar|Shivajinagar|Baner|Magarpatta","IT and software (Hinjewadi, Kharadi)|Automobile manufacturing (Pimpri-Chinchwad)|Education and edtech|Defence production (DRDO)|FMCG and consumer goods","Maharashtra's second largest city — a thriving IT hub and automobile manufacturing centre, with Pimpri-Chinchwad hosting India's largest concentration of auto plants.","Mumbai|Nashik|Aurangabad|Kolhapur","Pune has one of Maharashtra's highest company incorporation rates, driven by IT startups, auto ancillary companies, and education technology ventures.","Pune's auto sector involves multi-tier supply chain GST compliance. IT companies in Hinjewadi need regular LUT filing and export refund management."
"Ahmedabad","Gujarat","IN-GJ","ahmedabad","CGST Commissionerate, Ahmedabad","Ahmedabad Zone","CG Road|SG Highway|Naroda GIDC|Vatva GIDC|Sindhu Bhavan Road|GIFT City|Odhav|Bopal","Textiles and chemicals (Naroda, Vatva)|Diamond cutting and polishing|GIFT City financial services|Pharmaceuticals|Food processing and FMCG","Gujarat's largest city and India's first World Heritage City — Ahmedabad is a powerhouse of textiles, chemicals, and GIFT City's international financial services.","Surat|Gandhinagar|Vadodara|Rajkot","Ahmedabad's GIFT City offers a unique IFSC regulatory framework. Most businesses here incorporate under Gujarat ROC, with strong demand from textile and chemical exporters.","Ahmedabad's textile and chemical clusters require careful HSN classification and ITC management. GIFT City entities have special GST exemptions that need expert navigation."
"Noida","Uttar Pradesh","IN-UP","noida","CGST Commissionerate, Noida","Meerut Zone","Sector 62 and 63 (IT Parks)|Sector 18 (Atta Market)|Sector 44|Film City (Sector 16A)|Noida Phase 1-3 (Industrial)|Greater Noida|Noida Extension","IT and software services (Sector 62, 63)|E-commerce and D2C brands|Manufacturing (Phases 1, 2, 3)|Media and entertainment (Film City)|Real estate and construction","Gautam Buddha Nagar's commercial heart — Noida is Delhi NCR's largest IT and e-commerce hub, with a thriving manufacturing belt and India's biggest media production cluster.","Greater Noida|Delhi|Ghaziabad|Agra","Noida falls under the UP ROC (Kanpur). Startups, IT companies, and e-commerce brands incorporate here in high numbers — often requiring DPIIT recognition and ESOP structuring.","Noida's IT sector needs mandatory LUT filing for service exports. E-commerce sellers must register regardless of turnover. Film production companies need input service credit management."
"Gurugram","Haryana","IN-HR","gurugram","CGST Commissionerate, Gurugram","Panchkula Zone","Cyber City (DLF Cyber Hub)|Golf Course Road|Sohna Road|Manesar IMT|MG Road|Udyog Vihar|Sector 29|NH-48 Corridor","IT and BPO (Cyber City)|Automobile manufacturing (Manesar — Maruti Suzuki)|Financial services and fintech|Luxury retail and hospitality|Real estate","The Millennium City — Gurugram hosts India's largest concentration of Fortune 500 company offices and is a global BPO and financial services hub alongside Manesar's auto belt.","Delhi|Faridabad|Rewari|Noida","Gurugram falls under Haryana ROC (Chandigarh). High demand for company incorporation from MNC subsidiaries, BPO companies, fintech startups, and auto ancillary units in Manesar.","Gurugram's BPO and IT services sector has significant cross-border service compliance needs. MNC subsidiaries and holding companies require careful inter-company transaction planning."
"Ghaziabad","Uttar Pradesh","IN-UP","ghaziabad","CGST Commissionerate, Ghaziabad","Meerut Zone","Raj Nagar Extension|Kaushambi|Vaishali|Loni Industrial Area|Mohan Nagar|Indirapuram|Sahibabad Industrial Area|NH-58 Corridor","Small-scale manufacturing (Sahibabad, Loni)|Steel and metal fabrication|Electrical goods|Real estate and housing|Wholesale trading","The Gateway of Uttar Pradesh — Ghaziabad is one of India's fastest-growing industrial cities with a massive SME manufacturing ecosystem along Sahibabad and Loni corridors.","Delhi|Noida|Hapur|Meerut","Ghaziabad falls under UP ROC (Kanpur). Strong demand for company registration from SME manufacturers, trading companies, and real estate developers.","Ghaziabad's manufacturing units need systematic ITC management on raw materials. Many steel and metal businesses here have complex inter-state supply chains requiring careful GST compliance."
"Faridabad","Haryana","IN-HR","faridabad","CGST Commissionerate, Faridabad","Panchkula Zone","Sector 20-21 (Old Industrial Area)|Ballabhgarh|NIT Faridabad|Neelam Chowk|NHPC Colony|Surajkund|Mathura Road Corridor","Engineering and auto components|Tractors and agricultural equipment|Rubber and plastics manufacturing|Steel fabrication|Footwear industry","Haryana's largest industrial city — Faridabad has one of North India's oldest and largest engineering and auto components manufacturing clusters.","Delhi|Gurugram|Palwal|Agra","Faridabad falls under Haryana ROC (Chandigarh). Manufacturing and engineering companies, auto ancillary units, and footwear businesses are the primary company incorporation drivers here.","Faridabad's engineering sector involves multi-stage manufacturing GST compliance. Tractor and agricultural equipment have specific rate considerations under GST."
"Meerut","Uttar Pradesh","IN-UP","meerut","CGST Commissionerate, Meerut","West UP Zone","Partapur (Sports Goods Cluster)|Sadar Bazar (Jewellery)|Modipuram Industrial Area|Begumpul|Shastri Nagar|Meerut Cantt|Garh Road|Pallavpuram","Sports goods manufacturing (60% of India's sports goods)|Silver jewellery and silverware|Sugarcane processing and jaggery|Educational services and coaching|IT services","Western UP's commercial capital — Meerut produces over 60% of India's sports goods from Partapur, and Sadar Bazar is one of India's top silverware markets.","Hapur|Ghaziabad|Muzaffarnagar|Baghpat","Meerut falls under UP ROC (Kanpur). Sports goods manufacturers, silver jewellers, and coaching institute operators are among the top company incorporation clients in the city.","Meerut's sports goods exporters need LUT filing and zero-rated supply compliance. Silver jewellery traders must comply with GST invoicing and hallmarking norms carefully."
"Lucknow","Uttar Pradesh","IN-UP","lucknow","CGST Commissionerate, Lucknow","Lucknow Zone","Hazratganj|Gomti Nagar|Alambagh Industrial Area|Amausi (Airport Zone)|Sushant Golf City|Aminabad Market|Chowk|Vibhuti Khand IT Zone","Chikankari embroidery and textile crafts|Government and PSU contracting|Real estate and construction|IT services (Gomti Nagar)|Retail and hospitality","UP's state capital and a growing commercial hub — Lucknow is known for Chikankari crafts, government procurement contracts, and a rapidly expanding real estate and IT sector.","Kanpur|Agra|Varanasi|Rae Bareli","Lucknow (ROC UP, Kanpur) sees strong company incorporation demand from government contractors, real estate developers, IT firms, and crafts exporters.","Lucknow's Chikankari businesses must comply with GST for handicraft exports. Government contractors need careful RCM compliance and invoice formatting for public sector clients."
"Kanpur","Uttar Pradesh","IN-UP","kanpur","CGST Commissionerate, Kanpur","Lucknow Zone","Fazalganj Industrial Area|Panki Industrial Area|The Mall Road|Sarsaul|Kidwai Nagar|Arya Nagar|Juhi|GT Road Corridor","Leather goods and footwear (India's leather capital)|Cotton textiles|Chemical industries|Plastics and rubber|Engineering goods","India's leather capital — Kanpur is home to the world's largest concentration of leather tanneries and footwear manufacturers, along with a major chemical and textiles industry.","Lucknow|Allahabad|Unnao|Fatehpur","Kanpur is the ROC headquarters for Uttar Pradesh. Leather exporters, chemical manufacturers, and textile companies are the primary company incorporation clients in this region.","Kanpur's leather industry requires careful GST compliance — leather products attract varying rates and exporters must manage LUT filing and IGST refund claims systematically."
"Agra","Uttar Pradesh","IN-UP","agra","CGST Commissionerate, Agra","Agra Zone","Sanjay Place (Commercial Hub)|Sikandra Industrial Area|Foundry Nagar|Taj Mahal Corridor|Shahganj|Bodla Industrial Area|Yamuna Expressway Zone","Footwear and leather goods|Marble and stone handicrafts|Petha sweets manufacturing|Tourism and hospitality|Iron castings and foundry","The City of Taj — Agra is globally known for tourism and is India's leading footwear manufacturing city, with a major marble handicrafts and iron castings cluster.","Mathura|Firozabad|Gwalior|Delhi","Agra falls under UP ROC (Kanpur). Footwear exporters, handicraft businesses, hospitality companies, and foundry units are the key company registration clients.","Agra's footwear industry has specific GST rate categories based on product value. Tourism businesses need careful compliance with accommodation and restaurant GST rates."
"Varanasi","Uttar Pradesh","IN-UP","varanasi","CGST Commissionerate, Varanasi","Varanasi Zone","Vishwanath Gali|Sigra Commercial Area|Lahartara Industrial Area|Bhelupur|Sarnath|Ramnagar|Lanka (BHU area)|Orderly Bazar","Banarasi silk weaving and export|Tourism and pilgrimage economy|Brass ware and handicrafts|Diesel engines (Ramnagar)|Education (BHU, IIT)","One of the world's oldest continuously inhabited cities — Varanasi is home to the legendary Banarasi silk industry, a massive pilgrimage economy, and a growing startup and education sector.","Allahabad|Mirzapur|Jaunpur|Ghazipur","Varanasi falls under ROC UP (Kanpur). Silk weavers going corporate, tourism businesses, and handicraft exporters are primary company registration clients.","Banarasi silk traders must navigate specific GST rates for handloom and textile products. Pilgrim economy businesses — hotels, transport, ghaat-based services — each have distinct GST applicability."
"Prayagraj","Uttar Pradesh","IN-UP","prayagraj","CGST Commissionerate, Prayagraj","Varanasi Zone","Civil Lines|Naini Industrial Area|George Town|Allapur|Jhunsi|Phaphamau|Kumbh Mela Grounds|Bamrauli Airport Zone","Government services and administration|Education (Allahabad University, IIIT)|Naini Paper Mill area industries|Tourism and Kumbh economy|Legal services (High Court)","UP's administrative and judicial capital — Prayagraj is home to the Allahabad High Court, major educational institutions, and hosts the world's largest human gathering, the Kumbh Mela.","Varanasi|Kanpur|Mirzapur|Chitrakoot","Prayagraj (ROC UP, Kanpur) sees demand from law firms, educational institutions, event management companies, and Naini-area manufacturers seeking company incorporation.","Prayagraj's legal fraternity (advocates) must carefully determine their GST applicability. Event management and hospitality businesses see surge compliance needs during Kumbh Mela."
"Surat","Gujarat","IN-GJ","surat","CGST Commissionerate, Surat","Vadodara Zone","Ring Road (Diamond Market)|Sachin GIDC|Hazira Industrial Area|Pandesara GIDC|Magdalla Port|Althan|Udhna Industrial Area|Varachha","Diamond cutting and polishing (90% of world's diamonds)|Synthetic textiles and fabric|Petrochemicals (Hazira)|Shipping and port services|Zari and embroidery","The Diamond City of the World — Surat processes over 90% of the world's diamonds and is India's largest synthetic textile producer, with a major petrochemicals complex at Hazira.","Ahmedabad|Bharuch|Navsari|Vadodara","Surat (ROC Gujarat, Ahmedabad) has the highest company and LLP incorporation rate in Gujarat. Diamond trading companies, textile manufacturers, and petrochemical units dominate registrations.","Surat's diamond trade has unique GST treatment — uncut diamonds have specific GST rates and valuation norms. Textile traders need to navigate job-work GST provisions carefully."
"Vadodara","Gujarat","IN-GJ","vadodara","CGST Commissionerate, Vadodara","Vadodara Zone","Makarpura GIDC|Gorwa Industrial Area|Sayajigunj (Commercial)|Alkapuri|Waghodia Road Corridor|Manjusar|Savli Industrial Estate","Chemicals and petrochemicals|Engineering and heavy industry (ONGC, BHEL)|Pharmaceuticals|Plastics and polymers|Electrical equipment","Baroda — Gujarat's cultural capital and a major industrial city home to ONGC's headquarters, BHEL, and one of India's largest chemical and engineering clusters.","Ahmedabad|Surat|Anand|Bharuch","Vadodara (ROC Gujarat) sees strong demand from chemical, engineering, and pharma companies for incorporation. ONGC's presence drives many ancillary unit registrations.","Vadodara's chemical industry requires precise HSN code classification. Petrochemical input tax credit chains can be complex — expert CA guidance prevents costly ITC reversal notices."
"Rajkot","Gujarat","IN-GJ","rajkot","CGST Commissionerate, Rajkot","Rajkot Zone","Aji GIDC|Gondal Road (Engineering Cluster)|Metoda GIDC|Kalavad Road|150 Feet Ring Road|Bhaktinagar Industrial Zone","Engineering goods and auto components|Casting and forging|Watches and clocks|Brass parts manufacturing|Cotton ginning","Saurashtra's commercial capital — Rajkot is India's leading hub for precision engineering, brass components, and auto parts, exporting across the globe.","Jamnagar|Ahmedabad|Bhavnagar|Junagadh","Rajkot (ROC Gujarat) sees highest incorporation in engineering and auto ancillary companies. Many family-owned businesses here are converting to Pvt Ltd or LLP.","Rajkot's engineering exporters require careful ITC management and LUT filing. Brass component manufacturers must classify their products correctly under HSN codes to avoid rate disputes."
"Jaipur","Rajasthan","IN-RJ","jaipur","CGST Commissionerate, Jaipur","Jaipur Zone","MI Road (Commercial Hub)|Sitapura Industrial Area|Sanganer (Textile Printing)|Mansarovar|Malviya Nagar|Vaishali Nagar|Jhotwara RIICO|Pink City (Walled City)","Gems and jewellery (emeralds, kundan)|Textiles and block printing (Sanganer)|Marble and stone|Tourism and hospitality (Pink City)|IT and BPO (Malviya Nagar, Mansarovar)","Rajasthan's Pink City — Jaipur is India's leading gems and jewellery export hub, a global tourism destination, and a fast-growing IT services city.","Jodhpur|Ajmer|Kota|Alwar","Jaipur (ROC Rajasthan) sees high incorporation in gems and jewellery exporters, hospitality companies, IT services, and textile businesses.","Jaipur's gems and jewellery sector requires meticulous compliance — jewellery GST rates, job-work provisions, and export documentation must be handled correctly to avoid notices."
"Jodhpur","Rajasthan","IN-RJ","jodhpur","CGST Commissionerate, Jodhpur","Jaipur Zone","Basni Industrial Area|Pal Road|Ratanada|Shastri Nagar|MBM Engineering Zone|Salawas (Carpets and Handicrafts)","Handicrafts and furniture export|Spices and agricultural processing|Tourism (Blue City, Mehrangarh)|Sandstone quarrying|Salt pans","The Blue City and Sun City of Rajasthan — Jodhpur is India's largest exporter of handmade furniture and handicrafts, with a growing tourism and agricultural processing economy.","Jaipur|Udaipur|Ajmer|Barmer","Jodhpur (ROC Rajasthan, Jaipur) sees incorporation demand from furniture exporters, handicraft companies, hotel chains, and agricultural commodity traders.","Jodhpur's furniture and handicraft exporters need LUT filing and zero-rated supply compliance. Agricultural commodity businesses must evaluate their GST applicability carefully."
"Chandigarh","Chandigarh","IN-CH","chandigarh","CGST Commissionerate, Chandigarh","Panchkula Zone","Sector 17 (Commercial Hub)|Sector 34 (IT Park)|Industrial Area Phase 1 and 2|Mohali IT City|Panchkula Sector 20|Sector 43 and 44","IT and software (Mohali, Sector 34)|Healthcare and hospitals|Education (PU, PEC)|Government services|Retail and hospitality","India's first planned city and the shared capital of Punjab and Haryana — Chandigarh is the commercial and administrative hub for the tri-city area including Mohali and Panchkula.","Mohali|Panchkula|Ludhiana|Ambala","Chandigarh (ROC Punjab and Haryana, Chandigarh) serves as the ROC for both states. IT companies in Mohali, healthcare businesses, and educational institutions are key incorporation clients.","Chandigarh's IT sector needs LUT filing for software exports. Healthcare providers must carefully evaluate GST applicability — medical services are largely exempt but diagnostics and non-clinical services may be taxable."
"Ludhiana","Punjab","IN-PB","ludhiana","CGST Commissionerate, Ludhiana","Chandigarh Zone","Focal Point Industrial Area|Gill Road|Dhandari Kalan|Sherpur Kalan|Model Town|BRS Nagar|Salem Tabri","Hosiery and knitwear (India's hosiery capital)|Bicycle manufacturing (80% of India's bicycles)|Steel re-rolling mills|Machine tools and parts|Textiles and yarn","Punjab's industrial capital — Ludhiana is India's hosiery capital and produces 80% of India's bicycles. It has one of North India's most concentrated industrial corridors.","Chandigarh|Jalandhar|Patiala|Amritsar","Ludhiana (ROC Punjab and Haryana) has heavy incorporation in hosiery, bicycle, and machine tool companies. Family-owned businesses converting to corporate structures are common.","Ludhiana's hosiery exporters need systematic LUT and zero-rated compliance. Bicycle component manufacturers must track multi-tier ITC across complex supply chains."
"Amritsar","Punjab","IN-PB","amritsar","CGST Commissionerate, Amritsar","Chandigarh Zone","Hall Bazar|Lawrence Road Industrial Area|G.T. Road Corridor|Ranjit Avenue|Batala Road|Majitha Road|Airport Zone","Tourism (Golden Temple)|Carpets and woollen textiles|Agricultural goods processing|Surgical instruments|Cross-border trade (Wagah)","Punjab's spiritual and tourism capital — Amritsar is home to the Golden Temple, India's most visited tourist site, and a major hub for carpet weaving and agricultural trade.","Ludhiana|Jalandhar|Pathankot|Gurdaspur","Amritsar (ROC Punjab and Haryana, Chandigarh) sees incorporation in tourism, hospitality, textile, and agri-processing businesses. Cross-border trade proximity drives import-export company needs.","Amritsar's tourism businesses must comply with hotel accommodation GST rates. Carpet exporters need LUT filing. Cross-border traders through Wagah require IEC and GST registration."
"Indore","Madhya Pradesh","IN-MP","indore","CGST Commissionerate, Indore","Bhopal Zone","Pithampur Industrial Zone|Vijay Nagar (Commercial)|AB Road|Scheme 54 and 78|LIG Square|Palasia|Super Corridor (IT)","Pharmaceuticals (Pithampur)|Food processing (soyabean hub)|IT services (Super Corridor)|Textiles and denim|Automobile components","MP's commercial capital and the cleanest city in India — Indore has India's largest soyabean processing industry, a major pharma cluster in Pithampur, and a fast-growing IT corridor.","Bhopal|Ujjain|Dewas|Dhar","Indore (ROC MP, Gwalior) is MP's top company incorporation city. Pharma companies in Pithampur, soyabean processors, and IT startups are the primary clients.","Indore's pharma companies require HSN classification expertise for API and formulation GST rates. Soyabean processors must navigate agricultural commodity GST exemptions carefully."
"Bhopal","Madhya Pradesh","IN-MP","bhopal","CGST Commissionerate, Bhopal","Bhopal Zone","MP Nagar Zone 1 and 2 (Commercial)|Govindpura Industrial Area|Mandideep EPIP|Habibganj (Rani Kamlapati)|New Market|Bittan Market|Arera Colony","Government services and PSUs|Pharmaceuticals (Mandideep)|Engineering and heavy industry|IT and e-governance|Education and healthcare","MP's state capital — Bhopal is the administrative and government services hub for Madhya Pradesh, with a pharma cluster in Mandideep and a growing IT services sector.","Indore|Jabalpur|Hoshangabad|Raisen","Bhopal (ROC MP, Gwalior) sees incorporation demand from government contractors, pharma units, educational institutions, and IT service providers.","Bhopal's government contractors must comply with GST RCM on certain government services. Pharma companies in Mandideep require careful input credit management."
"Nagpur","Maharashtra","IN-MH","nagpur","CGST Commissionerate, Nagpur","Nagpur Zone","MIDC Butibori (Largest MIDC)|Wardha Road Industrial Corridor|Sitabuldi (Commercial)|Dharampeth|Hingna MIDC|Kamptee Road|Airport Zone (MIHAN)","Orange cultivation and agri-processing|Coal and power generation|Textiles and weaving|Logistics hub (geographic centre of India)|IT and MIHAN SEZ","India's geographic centre and the Orange City — Nagpur is a critical logistics hub at the crossroads of all national highways, with a massive MIDC at Butibori and the MIHAN SEZ.","Amravati|Wardha|Chandrapur|Yavatmal","Nagpur (ROC Maharashtra, Mumbai) has strong incorporation in logistics, agri-processing, power sector companies, and MIHAN SEZ entities with export-oriented operations.","Nagpur's logistics companies need careful compliance on freight and warehousing GST rates. MIHAN SEZ businesses have special zero-rated supply provisions requiring expert compliance."
"Nashik","Maharashtra","IN-MH","nashik","CGST Commissionerate, Nashik","Pune Zone","Ambad Industrial Area|Satpur MIDC|Sinnar Industrial Area|Panchavati (Tourism)|Gangapur Road|College Road|Deolali Cantonment","Wine and grape cultivation (India's Napa Valley)|Engineering and auto components|Printing presses (India's banknote and stamp printing)|Pilgrim economy (Kumbh Mela)|Textiles","The Wine Capital of India and a major industrial city — Nashik produces over 50% of India's wine grapes and is home to India's currency printing presses and a major MIDC engineering cluster.","Pune|Mumbai|Aurangabad|Dhule","Nashik (ROC Maharashtra) has high incorporation in wineries, agri-processing, engineering units, and pilgrimage-linked hospitality businesses.","Nashik's wine industry requires specific alcoholic beverages GST compliance (state excise overlaps). Engineering exporters need systematic LUT and ITC management."
"Visakhapatnam","Andhra Pradesh","IN-AP","visakhapatnam","CGST Commissionerate, Visakhapatnam","Visakhapatnam Zone","MVP Colony (IT Hub)|Gajuwaka Industrial Area|Steel Plant Area (Ukkunagaram)|RK Beach Corridor|Rushikonda IT Park|Madhurawada|Vizag Port Area","Steel production (Vizag Steel)|Petrochemicals (HPCL refinery)|IT and ITES (Rushikonda)|Pharmaceuticals|Port and shipping (Visakhapatnam Port)","Andhra Pradesh's largest city and industrial capital — Vizag is home to India's largest steel plant, a major HPCL refinery, a growing IT corridor, and one of India's busiest ports.","Vijayawada|Kakinada|Rajahmundry|Srikakulam","Vizag (ROC AP, Hyderabad) sees incorporation in steel ancillaries, pharma, IT services, port logistics, and petroleum downstream businesses.","Vizag's steel and petrochemical industries involve complex multi-tier GST supply chains. Port logistics companies must comply with specific GST provisions on freight and handling."
"Coimbatore","Tamil Nadu","IN-TN","coimbatore","CGST Commissionerate, Coimbatore","Chennai Zone","Ganapathy (Textile Mills)|Peelamedu IT Zone|Tidel Park|Singanallur|Kovai Pudur|Pollachi Road|Kurichi Industrial Area|RS Puram","Textile mills and spinning (Manchester of South India)|Pump manufacturing (40% of India's pumps)|Engineering goods|IT services|Jewellery","The Manchester of South India — Coimbatore produces 40% of India's textile machinery, 40% of India's pumps, and is a major exporter of textiles and engineering goods.","Tiruppur|Erode|Salem|Palakkad","Coimbatore (ROC Tamil Nadu, Chennai) has high incorporation in textile, pump, and engineering manufacturing companies. Many family enterprises converting to Pvt Ltd for export compliance.","Coimbatore's textile mills face complex GST compliance on yarn, fabric, and garment supply chains. Pump manufacturers must carefully manage ITC on capital goods and raw materials."
"Tiruppur","Tamil Nadu","IN-TN","tiruppur","CGST Commissionerate, Coimbatore","Chennai Zone","Tiruppur Main (Knitwear Market)|Avinashi Road|Tiruppur SIDCO Industrial Estate|Palladam|Kangeyam Road","Knitwear and hosiery export (India's knitwear capital)|Dyeing and bleaching units|Textile job-work|Cotton yarn trading|Apparel manufacturing","India's Knitwear Capital — Tiruppur exports over ₹30,000 crore worth of knitwear annually, making it one of India's top export cities and a critical node in global apparel supply chains.","Coimbatore|Erode|Karur|Palani","Tiruppur (ROC Tamil Nadu) sees very high incorporation in knitwear exporters, dyeing units, and textile job-work companies. Many export-oriented businesses need RCMC and IEC alongside GST.","Tiruppur's knitwear exporters must file LUT annually and manage zero-rated exports. Job-work under GST has specific provisions critical for Tiruppur's dyeing and bleaching units."
"Kochi","Kerala","IN-KL","kochi","CGST Commissionerate, Kochi","Kochi Zone","Edapally (Commercial)|Kakkanad InfoPark|Lulu Mall Area|MG Road (Marine Drive)|CSEZ (Cochin SEZ)|Ernakulam Junction Zone|Aluva|Tripunithura","IT and ITES (InfoPark, SmartCity)|Port and shipping (Cochin Port)|Spices and seafood export|Tourism and hospitality|Petrochemicals (BPCL refinery)","Kerala's commercial capital and the Queen of the Arabian Sea — Kochi is South India's fastest-growing IT city, a major port and logistics hub, and an international tourist destination.","Thiruvananthapuram|Thrissur|Alappuzha|Kozhikode","Kochi (ROC Kerala) sees high incorporation in IT companies, shipping and logistics firms, spice exporters, and hospitality businesses. CSEZ entities have special compliance requirements.","Kochi's seafood and spice exporters need careful LUT and zero-rated supply management. InfoPark IT companies must comply with software export GST provisions and STPI requirements."
"Thiruvananthapuram","Kerala","IN-KL","thiruvananthapuram","CGST Commissionerate, Thiruvananthapuram","Kochi Zone","Technopark|Kazhakkoottam|Pettah Commercial Area|Vanchiyoor|Kowdiar|Ambalamukku|Trivandrum Central","IT and software (Technopark — Kerala's largest IT park)|Government and defence|Tourism (Kovalam, Varkala)|Cashew processing and export|Healthcare","Kerala's state capital and home to Technopark — India's first and one of the largest IT parks. Thiruvananthapuram is also a global heritage and tourism destination.","Kochi|Kollam|Attingal|Neyyattinkara","Thiruvananthapuram (ROC Kerala) has high incorporation in Technopark IT companies, healthcare businesses, cashew exporters, and tourism-related enterprises.","Technopark-based IT companies need systematic LUT filing for software exports. Cashew exporters must manage ITC on processing inputs. Healthcare providers need careful GST applicability analysis."
"Patna","Bihar","IN-BR","patna","CGST Commissionerate, Patna","Patna Zone","Exhibition Road (Commercial)|Boring Road|Danapur RIICO Zone|Gandhi Maidan Area|Mithapur Industrial Area|Dak Bungalow Chowk|Kankarbagh","Agricultural trading and processing (wheat, maize, litchi)|Government and administration|Education and coaching (Patna's coaching industry)|Construction and real estate|Small-scale manufacturing","Bihar's capital and a fast-growing commercial city — Patna is eastern India's major agricultural trading hub and a booming real estate and coaching education market.","Gaya|Muzaffarpur|Bhagalpur|Ranchi","Patna (ROC Bihar, Patna) sees increasing company incorporation from educational institutes, real estate developers, agri-processors, and government contractors.","Patna's agricultural trading businesses must understand GST exemptions on unprocessed goods. Educational institutes and coaching centres need GST applicability clarity before registration."
"Ranchi","Jharkhand","IN-JH","ranchi","CGST Commissionerate, Ranchi","Patna Zone","Lalpur (Commercial Hub)|Doranda|Namkum Industrial Area|Kanke Road|Main Road|Harmu|Booty More Zone","Mining and mineral processing|Government and PSU services (SAIL, CCL, MECON)|IT and BPO|Construction and infrastructure|Education","Jharkhand's capital and a major mining and PSU hub — Ranchi is surrounded by India's richest mineral belts and is home to SAIL, CCL, and MECON headquarters.","Jamshedpur|Dhanbad|Bokaro|Hazaribagh","Ranchi (ROC Jharkhand) sees incorporation in mining services, PSU ancillaries, construction companies, and IT service providers. Mining-sector companies have specific compliance needs.","Ranchi's mining service companies must carefully classify GST on drilling, blasting, and extraction services. PSU vendors need to understand RCM applicability on services provided to government entities."
"Jamshedpur","Jharkhand","IN-JH","jamshedpur","CGST Commissionerate, Jamshedpur","Patna Zone","Bistupur (Commercial)|Sakchi|Adityapur ADDA Industrial Area|Gamharia|Jugsalai|Telco Colony|Golmuri","Steel production (Tata Steel — Jamshedpur Works)|Auto components (Tata Motors)|Engineering and fabrication|Tube and pipe manufacturing|Wire and cable","India's Steel City and Tata's original home — Jamshedpur houses Tata Steel's flagship plant and Tata Motors' largest manufacturing facility, with a massive ancillary ecosystem.","Dhanbad|Ranchi|Bokaro|Baripada","Jamshedpur (ROC Jharkhand) has a dense ecosystem of Tata ancillary units. Steel and auto component companies are primary incorporation clients, with many SMEs formalising for supply chain compliance.","Jamshedpur's steel and auto ancillary companies have multi-tier ITC supply chains. Tata vendor compliance norms require all suppliers to maintain impeccable GST return records."
"Bhubaneswar","Odisha","IN-OR","bhubaneswar","CGST Commissionerate, Bhubaneswar","Bhubaneswar Zone","Infocity (IT Zone)|Chandaka Industrial Estate|Rasulgarh|Nayapalli Commercial Area|Jayadev Vihar|Saheed Nagar|Mancheswar Industrial Area","IT and software (Infocity, Infovalley)|Mining and mineral services|Government and education|Healthcare|Steel and aluminium ancillaries","Odisha's capital and a fast-growing IT city — Bhubaneswar is eastern India's emerging tech hub with Infocity and Infovalley housing major IT companies, alongside mining services and government businesses.","Cuttack|Puri|Rourkela|Sambalpur","Bhubaneswar (ROC Odisha) sees incorporation in IT companies, mining service providers, government contractors, and healthcare businesses. Smart City initiatives are driving new startup incorporations.","Bhubaneswar's IT companies require LUT filing for software exports. Mining service companies must carefully navigate GST classification on drilling and royalty-related services."
"Guwahati","Assam","IN-AS","guwahati","CGST Commissionerate, Guwahati","Guwahati Zone","Fancy Bazar (Commercial)|Ganeshguri|Paltan Bazar|Guwahati Refinery Area|Amingaon Industrial Estate|Dispur (State Capital Area)|Jalukbari","Tea trading and processing|Oil refinery (IOC — Guwahati Refinery)|Bamboo and wood products|Tourism (Northeast gateway)|Wholesale trade (gateway to 7 sister states)","The Gateway to Northeast India — Guwahati is the commercial hub for all seven northeastern states, a major tea trading centre, and home to India's oldest oil refinery.","Dibrugarh|Jorhat|Silchar|Tezpur","Guwahati (ROC Assam) serves as the company registration gateway for all Northeast India. Tea companies, trading firms, and logistics businesses serving Northeast states incorporate here in high numbers.","Guwahati businesses serving Northeast India benefit from special category state GST thresholds (₹10 lakh for special category states). Tea exporters and interstate traders need careful state-wise GST planning."
"Dehradun","Uttarakhand","IN-UT","dehradun","CGST Commissionerate, Dehradun","Meerut Zone","Rajpur Road (Commercial)|Rispana Industrial Area|SIDCUL Industrial Estate|Haridwar Road Corridor|IT Park (Sahastradhara Road)|Clock Tower Area|Mussoorie Diversion","IT and education (ISRO, ONGC, Survey of India HQs)|Pharma and Ayurvedic products|Tourism (gateway to Haridwar, Mussoorie)|FMCG and Basmati rice|Government and defence","Uttarakhand's capital and a city of prestigious institutions — Dehradun houses ISRO, ONGC, Survey of India, Forest Research Institute, and IMA, alongside a booming education and pharma sector.","Haridwar|Rishikesh|Roorkee|Meerut","Dehradun (ROC Uttarakhand) sees incorporation in pharma companies, educational institutions, IT firms, and tourism businesses. Uttarakhand's industrial incentives attract many Pvt Ltd company formations.","Dehradun's pharma companies benefit from Uttarakhand industrial area exemptions. Tourism businesses need compliance with accommodation GST rates. IT firms require LUT filing for software exports."
"Haridwar","Uttarakhand","IN-UT","haridwar","CGST Commissionerate, Dehradun","Meerut Zone","SIDCUL Industrial Area (Roshanabad)|Har Ki Pauri (Pilgrimage Zone)|Jwalapur|Kankhal|Ranipur Industrial Area|Laksar","FMCG and consumer goods manufacturing (SIDCUL)|Ayurvedic and herbal products (Patanjali, Dabur)|Pilgrimage and tourism economy|Chemicals and pharmaceuticals|Electrical equipment","Gateway to the Himalayas and India's spiritual capital — Haridwar's SIDCUL is home to Patanjali's headquarters and hundreds of FMCG, pharma, and consumer goods plants.","Dehradun|Rishikesh|Roorkee|Muzaffarnagar","Haridwar (ROC Uttarakhand, Dehradun) has very high incorporation in FMCG, Ayurvedic, and pharma companies attracted by Uttarakhand's industrial incentives and SIDCUL infrastructure.","Haridwar's FMCG manufacturers benefit from Uttarakhand industrial area GST structure. Ayurvedic product companies must carefully classify products — food, medicine, and cosmetic categories attract different GST rates."
"Mathura","Uttar Pradesh","IN-UP","mathura","CGST Commissionerate, Agra","Agra Zone","Mathura Refinery Area|Vrindavan Tourism Zone|Govardhan Road|Krishna Nagar Industrial Area|Kosikhurd|Chhata|Hathras Road","Oil refinery (IOC — Mathura Refinery)|Tourism and pilgrimage (Vrindavan, Govardhan)|Dairy and milk products|Agricultural trading|Religious goods and handicrafts","Lord Krishna's birthplace and a major industrial city — Mathura houses India's largest IOC refinery and the spiritually vibrant Braj region, driving a massive pilgrimage and dairy economy.","Agra|Vrindavan|Bharatpur|Aligarh","Mathura (ROC UP, Kanpur) sees incorporation in refinery ancillary units, dairy companies, pilgrimage hospitality businesses, and agricultural commodity traders.","Mathura's refinery ancillary units need careful ITC management on petroleum products. Religious goods traders and pilgrimage businesses must evaluate GST on prasad and pooja materials."
"Aligarh","Uttar Pradesh","IN-UP","aligarh","CGST Commissionerate, Agra","Agra Zone","Jamalpur Industrial Area (Lock Manufacturing)|Ramghat Road|Civil Lines|Sasni Gate|GT Road Corridor|Tappal|Hathras Junction Zone","Lock manufacturing (80% of India's locks)|Hardware and fittings|Agricultural machinery|Textiles|Education (AMU)","India's Lock City — Aligarh produces 80% of India's locks and is a major hardware manufacturing hub. Aligarh Muslim University drives a significant education and research economy.","Agra|Mathura|Bulandshahr|Hathras","Aligarh (ROC UP, Kanpur) sees incorporation in lock and hardware manufacturers, agri-machinery companies, and educational institutions. Many small manufacturers formalising for export compliance.","Aligarh's lock and hardware exporters need LUT filing and zero-rated supply compliance. Hardware businesses trading across states must maintain careful IGST documentation."
"Moradabad","Uttar Pradesh","IN-UP","moradabad","CGST Commissionerate, Ghaziabad","Meerut Zone","Brass Market (Peetal Nagri)|Rampur Road Industrial Area|Civil Lines|Sambhal Road|Budh Bazar|Majhola UPSIDC Area","Brassware and metal handicrafts (Peetal Nagri)|Imitation jewellery|Aluminium utensils|Furniture|Textile weaving","The Brass City of the World — Moradabad exports over ₹5,000 crore worth of brassware and metal handicrafts annually to over 150 countries.","Sambhal|Rampur|Bareilly|Amroha","Moradabad (ROC UP, Kanpur) sees high incorporation in brass export companies, handicraft businesses, and metal goods manufacturers seeking to formalise for large buyer compliance.","Moradabad's brassware exporters need systematic LUT filing and zero-rated export compliance. Handicraft exporters under ₹1.5 crore may benefit from the Composition Scheme with export provisions."
"Bareilly","Uttar Pradesh","IN-UP","bareilly","CGST Commissionerate, Ghaziabad","Meerut Zone","Subhash Nagar Industrial Area|Civil Lines (Commercial)|Pilibhit Bypass|Rampur Road|Izatnagar (Railway Zone)|Nawabganj","Furniture and zardozi embroidery|Surma (eye cosmetics)|Steel furniture and bunk beds|Sugar mills|Agricultural trading","Known as Nath Nagari and Furniture City — Bareilly is India's largest furniture manufacturing hub and a significant zardozi embroidery and surma production centre.","Moradabad|Pilibhit|Budaun|Shahjahanpur","Bareilly (ROC UP, Kanpur) sees incorporation from furniture manufacturers, embroidery exporters, sugar mills, and agricultural trading companies.","Bareilly's furniture manufacturers must carefully manage GST on wood and MDF inputs. Zardozi exporters need LUT filing. Sugar mills have specific GST compliance requirements around molasses and bagasse."
"Hapur","Uttar Pradesh","IN-UP","hapur","CGST Commissionerate, Meerut","West UP Zone","Pilkhuwa (Textile Hub)|Garhmukteshwar|Babugarh Industrial Area|Simbhaoli Sugar Mill Area|Hapur City (Civil Lines, Garh Road)|NH-9 Corridor|Dhaulana","Textile and fabric trading (Pilkhuwa)|Grain and paper trading (Hapur Mandi)|Sugar processing (Simbhaoli)|Small-scale manufacturing (Babugarh)|NH-9 logistics and transport","Hapur is western UP's key trading hub — Pilkhuwa is one of India's top fabric and handloom markets, while Hapur Mandi is a major grain and paper trading centre on NH-9.","Ghaziabad|Meerut|Bulandshahr|Amroha","Hapur (ROC UP, Kanpur) sees incorporation from textile traders, grain merchants, logistics companies, and small manufacturing units in Babugarh industrial area.","Hapur's textile traders in Pilkhuwa need careful GST classification for handloom vs powerloom fabrics. Grain traders must understand agricultural commodity GST exemption boundaries carefully."
"Raipur","Chhattisgarh","IN-CT","raipur","CGST Commissionerate, Raipur","Bhopal Zone","Urla Industrial Area|Siltara Industrial Estate|VIP Road (Commercial)|Shailendra Nagar|Devendra Nagar|Telibandha|Pandri Commercial Hub","Steel and sponge iron|Rice milling and agricultural processing|Mining services (coal, iron ore)|Construction and infrastructure|Government contracting","Chhattisgarh's capital and the Rice Bowl of India — Raipur is India's largest steel trading hub outside Mumbai, with a massive steel and sponge iron cluster in Urla and Siltara.","Durg|Bhilai|Bilaspur|Jagdalpur","Raipur (ROC Chhattisgarh) sees high incorporation in steel trading companies, rice mills, mining services, and government contractors. Bhilai Steel Plant drives many ancillary unit incorporations.","Raipur's steel traders must navigate complex GST on steel products and scrap. Rice millers need compliance on paddy processing and packaged rice GST rates, which differ significantly."
"Mysuru","Karnataka","IN-KA","mysuru","CGST Commissionerate, Mysuru","Bangalore Zone","Hebbal Industrial Area|Hootagalli KIADB|Vijayanagar|Gokulam|Devaraja Market|Chamundi Hill Corridor|Nanjangud Industrial Area","Silk weaving and Mysore silk|Agarbatti (incense sticks)|Chemicals and paper (Nanjangud)|Tourism and heritage|IT and BPO","The City of Palaces and Karnataka's cultural capital — Mysuru is the home of the world-famous Mysore silk, India's top agarbatti production hub, and a major chemical and paper manufacturing centre.","Bangalore|Mandya|Chamarajanagar|Hassan","Mysuru (ROC Karnataka, Bangalore) sees incorporation in silk weaving companies, agarbatti manufacturers, chemical units, and tourism businesses.","Mysuru's silk weavers have handloom GST exemption benefits. Agarbatti manufacturers must correctly classify fragranced vs non-fragranced products which attract different rates."
"Mangaluru","Karnataka","IN-KA","mangaluru","CGST Commissionerate, Mysuru","Bangalore Zone","Bunder Port Area|Pandeshwar (Commercial)|Kodialbail|Kavoor Industrial Area|MRPL Refinery Area|Bikarnakatte|Surathkal (NITK Zone)","Port and shipping (New Mangalore Port)|Cashew processing and export|Fish and seafood export|Tiles and ceramics (Udupi-Mangaluru cluster)|Banking and finance","The Cashew Capital of India — Mangaluru is a major port city, India's top cashew processing and export hub, and home to New Mangalore Port, a key petroleum and container terminal.","Udupi|Hassan|Dharwad|Kozhikode","Mangaluru (ROC Karnataka) sees strong incorporation in cashew exporters, seafood processing companies, port logistics firms, and ceramic tile manufacturers.","Mangaluru's cashew exporters must file LUT for zero-rated exports. Seafood exporters have complex cold chain ITC management. Ceramic tile manufacturers need to manage input credit on gas and electricity."
"Madurai","Tamil Nadu","IN-TN","madurai","CGST Commissionerate, Madurai","Chennai Zone","Mattuthavani (Commercial Hub)|Anna Nagar|Kappalur SIDCO|K.K. Nagar|Thirunagar|Alagar Kovil Road|Melur Road Industrial Area","Textile weaving and trading|Engineering and foundry|Tourism (Meenakshi Temple)|Agricultural trading|Hospitality and retail","The Temple City of Tamil Nadu and an ancient trading hub — Madurai is a major textile weaving and trading city, South India's largest agricultural market, and a significant pilgrimage destination.","Coimbatore|Tiruchirappalli|Dindigul|Virudhunagar","Madurai (ROC Tamil Nadu, Chennai) sees incorporation in textile companies, agri-trading businesses, engineering units, and hospitality companies serving the temple tourism economy.","Madurai's temple town economy creates unique GST questions around religious services, prasad, and pooja materials. Textile traders must navigate GST applicability on different fabric categories carefully."
"Tiruchirappalli","Tamil Nadu","IN-TN","tiruchirappalli","CGST Commissionerate, Madurai","Chennai Zone","Ariyamangalam Industrial Area|Thuvakudi (BHEL Township)|Srirangam|Woraiyur|Mannarpuram Commercial Zone|Golden Rock","Heavy engineering (BHEL — power plant equipment)|Cigars and tobacco|Artificial jewellery|Educational institutions (NIT, Anna University)|Cement","The Rock Fort City — Trichy is home to BHEL's largest manufacturing facility for power plant equipment, a major artificial jewellery and cigar manufacturing cluster, and top engineering colleges.","Madurai|Salem|Puducherry|Thanjavur","Trichy (ROC Tamil Nadu) sees incorporation in BHEL ancillary units, engineering companies, educational institutions, and jewellery manufacturers. BHEL's presence drives dense vendor ecosystem formation.","BHEL vendor companies require impeccable GST compliance — government procurement requires zero-error invoicing. Cigar and tobacco manufacturers have specific excise-GST overlap compliance needs."
"Vijayawada","Andhra Pradesh","IN-AP","vijayawada","CGST Commissionerate, Vijayawada","Hyderabad Zone","Auto Nagar (Industrial Cluster)|Benz Circle (Commercial)|Moghalrajpuram|Krishnalanka|Ibrahimpatnam (New Capital Zone)|Gannavaram Airport Zone","Automobile servicing and components (Auto Nagar)|Agricultural trading (Krishna delta)|Wholesale and retail|Education|New state capital construction (Amaravati)","Andhra Pradesh's commercial capital and the Business Capital of the state — Vijayawada is the trade hub for the fertile Krishna and Godavari delta agricultural zones.","Guntur|Visakhapatnam|Amaravati|Eluru","Vijayawada (ROC AP, Hyderabad) sees incorporation in agri-trading companies, auto ancillary businesses, and construction companies related to Amaravati state capital development.","Vijayawada's agri-trading businesses must understand GST on various food commodities. Construction companies working on Amaravati need careful GST compliance on works contracts and materials."
"Kozhikode","Kerala","IN-KL","kozhikode","CGST Commissionerate, Kozhikode","Kochi Zone","Mavoor Road (Commercial)|Calicut Beach Road|Kozhikode SIDCO|Feroke|Ramanattukara|Kunnamangalam|Nadakkavu","Timber and plywood|Spice trading (pepper, cardamom)|Tiles and ceramics|IT and startups (growing hub)|Textiles and handlooms","The City of Spices and North Kerala's commercial capital — Kozhikode was historically the world's spice trading capital and today leads Kerala in timber, tiles, and a growing IT startup ecosystem.","Malappuram|Palakkad|Kannur|Wayanad","Kozhikode (ROC Kerala) sees incorporation in spice exporters, timber companies, tile manufacturers, and an emerging startup community supported by NASSCOM incubation centres.","Kozhikode's spice exporters must file LUT for zero-rated exports. Timber and plywood businesses need to carefully manage ITC on forest produce inputs and classify finished products correctly."
"Udaipur","Rajasthan","IN-RJ","udaipur","CGST Commissionerate, Jodhpur","Jaipur Zone","RIICO Industrial Area|Sukher Industrial Zone|Hiran Magri|City Palace Zone (Tourism)|Fateh Sagar Area|Delhi Gate Commercial Area","Tourism and luxury hospitality (Lake City)|Zinc and copper mining (Hindustan Zinc)|Marble and stone|Textiles and crafts|Agriculture","The City of Lakes and Rajasthan's tourism jewel — Udaipur is home to Hindustan Zinc (the world's largest integrated zinc producer) and is one of India's top luxury tourism destinations.","Jodhpur|Ajmer|Chittorgarh|Kota","Udaipur (ROC Rajasthan) sees incorporation in hospitality and resort businesses, Hindustan Zinc ancillary units, marble and stone companies, and crafts exporters.","Udaipur's luxury hotels must carefully comply with hotel accommodation GST slab rules. Zinc mining ancillary companies need systematic compliance on mineral extraction service GST."
"Kota","Rajasthan","IN-RJ","kota","CGST Commissionerate, Jaipur","Jaipur Zone","Industrial Area (Rangpur Road)|DC (Coaching City Hub)|Dadabari|Jawahar Nagar|Chambal Industrial Area|Vigyan Nagar","Education and coaching (JEE/NEET coaching capital)|Chemical industries|Agricultural processing|Power generation (Kota Super Thermal Plant)|Stone quarrying","India's Coaching Capital — Kota is where over 2 lakh students enrol annually for IIT-JEE and NEET coaching, creating a massive education economy alongside chemical and power industries.","Bundi|Baran|Jhalawad|Udaipur","Kota (ROC Rajasthan, Jaipur) sees very high incorporation from coaching institutes, hostel and PG accommodation businesses, and chemical industry companies.","Kota's coaching institutes need expert guidance on GST applicability — educational services exemption boundaries, hostel accommodation rates, and food service GST are all frequently misapplied here."
"Siliguri","West Bengal","IN-WB","siliguri","CGST Commissionerate, Siliguri","Kolkata Zone","Sevoke Road (Commercial)|Bidhan Market|Dabgram Industrial Area|Hong Kong Market|Hill Cart Road|Matigara|Bagdogra Airport Zone","Tea trading (Darjeeling and Dooars tea gateway)|Timber and plywood|Cross-border trade (Nepal, Bhutan, Bangladesh)|Tourism (gateway to Sikkim, Bhutan)|Agricultural trading","The Chicken's Neck Gateway — Siliguri is Northeast India's second-largest commercial city, the gateway for cross-border trade with Nepal, Bhutan, and Bangladesh, and the hub for Darjeeling tea trading.","Darjeeling|Jalpaiguri|Cooch Behar|Gangtok","Siliguri (ROC West Bengal, Kolkata) sees incorporation from tea trading companies, cross-border trading firms, logistics businesses, and hospitality companies serving the North Bengal tourism economy.","Siliguri's cross-border traders need careful IGST and customs compliance. Tea companies must navigate complex GST on bulk versus packaged tea. Cross-border service providers dealing with Nepal and Bhutan need IEC and GST coordination."
"Aurangabad","Maharashtra","IN-MH","aurangabad","CGST Commissionerate, Aurangabad","Pune Zone","Chikalthana MIDC|Waluj MIDC (Auto Hub)|Shendra AURIC (Industrial City)|Station Road (Commercial)|Garkheda|Cidco N-1 to N-12 Areas","Automobile manufacturing (Skoda, Volkswagen, Bajaj)|Pharmaceuticals|Tourism (Ajanta, Ellora Caves)|Textiles (Himroo)|Food processing","Maharashtra's Aurangabad (Chhatrapati Sambhajinagar) is India's emerging auto hub — Skoda, Volkswagen, and Bajaj have plants here — alongside world heritage sites Ajanta and Ellora driving tourism.","Nashik|Pune|Latur|Nanded","Aurangabad (ROC Maharashtra, Mumbai) sees incorporation in auto ancillary units, pharma companies, tourism businesses, and Himroo textile weavers. AURIC is attracting many new industrial companies.","Aurangabad's auto ancillary units need multi-tier supply chain ITC management. Pharma companies require careful HSN classification. Tourism businesses serving Ajanta-Ellora visitors have specific service tax compliance needs."
"Warangal","Telangana","IN-TG","warangal","CGST Commissionerate, Hyderabad","Hyderabad Zone","KIADB Industrial Area|Hanamkonda (Commercial)|Kazipet (Railway Junction)|Bheemaram|Subedari|Naimnagar","Textile weaving (Pochampally and Kakatiya silk)|Granite and stone quarrying|Engineering goods|Education|Agricultural trading","Telangana's second-largest city — Warangal is known for the famous Pochampally silk weaves and Kakatiya stone carvings, alongside a growing engineering and granite quarrying economy.","Hyderabad|Khammam|Karimnagar|Nalgonda","Warangal (ROC Telangana, Hyderabad) sees incorporation in handloom silk companies, granite quarrying businesses, engineering units, and educational institutions.","Warangal's Pochampally silk weavers have handloom GST exemption benefits. Granite quarrying businesses must comply with mineral extraction GST and state royalty obligations carefully."
"Jalandhar","Punjab","IN-PB","jalandhar","CGST Commissionerate, Ludhiana","Chandigarh Zone","GT Road Industrial Belt|Focal Point|Leather Complex|Guru Nanak Mission Chowk|BMC Chowk (Commercial)|Nakodar Road|Bus Stand Area","Sports goods manufacturing (bats, balls, nets)|Leather goods and footwear|Hand tools and hardware|Furniture|Rubber and plastics","Punjab's sports goods capital — Jalandhar is India's top manufacturer of sports equipment including cricket bats, footballs, and gym equipment, alongside a major leather and hand tools industry.","Ludhiana|Amritsar|Pathankot|Phagwara","Jalandhar (ROC Punjab and Haryana) sees high incorporation in sports goods exporters, leather manufacturers, and hand tool companies. Export-oriented companies dominate new formations.","Jalandhar's sports goods exporters need LUT filing and zero-rated export compliance. Leather manufacturers must carefully manage GST on raw hides, semi-processed, and finished goods at different rates."
"Tirupati","Andhra Pradesh","IN-AP","tirupati","CGST Commissionerate, Nellore","Hyderabad Zone","Tirupati Industrial Area|Alipiri (Pilgrimage Zone)|TTD Zone|Srikalahasti (Tiles)|Renigunta (Airport and Rail)|Chandragiri","Pilgrimage and temple economy (TTD)|Tourism and hospitality|SHAR (Satish Dhawan Space Centre)|Ceramic tiles (Srikalahasti)|Education","Home to the world's richest and most visited temple — Tirupati's TTD ecosystem drives India's largest pilgrimage economy, alongside ISRO's SHAR launch centre and a major tiles industry.","Vijayawada|Chennai|Nellore|Kadapa","Tirupati (ROC AP) sees incorporation in hospitality, tourism, pilgrimage services, tile manufacturers, and SHAR-related aerospace ancillary companies.","Tirupati's temple-economy businesses require careful GST guidance on religious services, prasad, and dharmasala accommodation — many are mistakenly non-compliant. Tile manufacturers need ITC management on gas and kiln inputs."
"Jabalpur","Madhya Pradesh","IN-MP","jabalpur","CGST Commissionerate, Bhopal","Bhopal Zone","Gorakhpur Industrial Area|Napier Town (Commercial)|Adhartal|Vijay Nagar|Madan Mahal|Bargi Hills (Tourism)|Ordnance Factory Area","Defence production (Ordnance Factory)|Marble and granite|Paper mills|Legal services (MP High Court)|Government and administration","MP's judicial capital and a major defence production city — Jabalpur hosts the Madhya Pradesh High Court, Gun Carriage Factory, and grey marble quarries, with India's first Marble Rocks.","Bhopal|Rewa|Satna|Narsinghpur","Jabalpur (ROC MP, Gwalior) sees incorporation in defence ancillary units, marble and granite companies, paper manufacturers, and law-firm-related legal entities.","Jabalpur's marble quarrying businesses must comply with mineral extraction GST and state royalty provisions. Defence vendor companies need impeccable GST records for ordnance factory procurement."
"Gwalior","Madhya Pradesh","IN-MP","gwalior","CGST Commissionerate, Bhopal","Bhopal Zone","Maharajpura EPIP Zone|Mela Ground (Commercial)|City Centre|Lashkar|Thatipur|Gola Ka Mandir Area|Morar Cantonment","Textiles and saris (Chanderi, Maheshwari)|Engineering goods|Tourism (Gwalior Fort)|Government and defence (Gwalior Cantonment)|IT services","The City of Music and a UNESCO Creative City — Gwalior is the ROC headquarters for MP and a major centre for Chanderi and Maheshwari textile weaving, alongside engineering and government businesses.","Agra|Bhopal|Jhansi|Shivpuri","Gwalior hosts the ROC for Madhya Pradesh and Chhattisgarh. Company registrations from across both states are processed here. Textile weavers, engineering units, and government contractors are primary local clients.","Gwalior's Chanderi and Maheshwari weavers have handloom GST exemption benefits. As the ROC centre for MP, companies here need expert guidance on both ROC and GST compliance simultaneously."
"Durgapur","West Bengal","IN-WB","durgapur","CGST Commissionerate, Kolkata","Kolkata Zone","DSP Township (Steel Plant)|Durgapur Steel Market|City Centre (Commercial)|Benachity|Nachan Road|DSDA Industrial Area|Andal Airport Zone","Steel production (Durgapur Steel Plant)|Engineering and fabrication|Chemicals and fertilisers|Cement|Mining equipment","The Steel City of Eastern India — Durgapur has one of India's largest integrated steel plants (DSP) alongside a major chemicals, cement, and mining equipment manufacturing cluster.","Asansol|Kolkata|Raniganj|Bankura","Durgapur (ROC West Bengal, Kolkata) sees incorporation in steel ancillary units, chemical companies, and engineering manufacturers. DSP vendor ecosystem drives many SME company formations.","Durgapur's steel and engineering companies face complex multi-tier ITC supply chains. Chemical manufacturers need precise HSN classification — products can shift between exempt and taxable categories easily."
"Srinagar","Jammu & Kashmir","IN-JK","srinagar","CGST Commissionerate, Srinagar","Chandigarh Zone","Lal Chowk (Commercial)|Rajbagh|Bemina Industrial Area|Dalgate (Tourism Zone)|Sonawar|Nowgam Industrial Estate|Boulevard Road","Tourism and houseboat economy|Pashmina and Kashmiri handicrafts|Dry fruit trading and export|Horticulture (apple, saffron)|Carpet weaving","The Summer Capital of J&K — Srinagar has a special GST status in a recently reorganised UT and is India's top destination for Pashmina shawls, Kashmiri carpets, dry fruits, and saffron exports.","Jammu|Anantnag|Baramulla|Pulwama","Srinagar (ROC J&K) has unique UT-specific GST provisions. Handicraft exporters, horticulture businesses, tourism operators, and dry fruit traders are primary incorporation clients.","Srinagar businesses have UT-specific GST provisions under UTGST. Pashmina and Kashmiri handicraft exporters need careful GST classification and LUT filing. Dry fruit traders must understand agri-product GST exemption boundaries."
"Jammu","Jammu & Kashmir","IN-JK","jammu","CGST Commissionerate, Jammu","Chandigarh Zone","Gandhi Nagar (Commercial)|Bari Brahmana Industrial Area|Narwal Industrial Zone|Trikuta Nagar|Satwari Airport Zone|Jewel Chowk","FMCG and consumer goods manufacturing (Bari Brahmana)|Tourism (Vaishno Devi)|Pharmaceuticals|Agricultural trading|Government services","J&K's winter capital and the gateway to Vaishno Devi — Jammu's Bari Brahmana industrial area hosts FMCG companies attracted by UT incentives, alongside a massive pilgrimage economy.","Srinagar|Pathankot|Udhampur|Kathua","Jammu (ROC J&K) sees incorporation in FMCG companies, pilgrimage hospitality businesses, pharma units, and agricultural commodity traders benefiting from UT fiscal incentives.","Jammu businesses have UT-specific GST provisions under UTGST. FMCG companies in Bari Brahmana benefit from certain industrial area provisions. Vaishno Devi pilgrimage service businesses need careful GST compliance."
"Shimla","Himachal Pradesh","IN-HP","shimla","CGST Commissionerate, Shimla","Chandigarh Zone","The Mall Road (Tourism)|Sanjauli (Commercial)|Vikas Nagar|Baddi Road Corridor|Khalini|Dhalli Industrial Area","Tourism and hospitality|Apple cultivation and fruit processing|Government and administration|Pharmaceuticals (linked to Baddi-Barotiwala)|Handicrafts and woolens","Himachal Pradesh's capital and India's most popular Himalayan hill station — Shimla has a major tourism economy, a significant apple fruit processing industry, and is the state administration hub.","Solan|Mandi|Chandigarh|Dharamsala","Shimla (ROC HP, Chandigarh) sees incorporation in tourism and hospitality companies, fruit processing businesses, and government contractors. Apple export companies from the Shimla region need formalisation for APEDA compliance.","Shimla's hospitality sector needs hotel accommodation GST compliance. Apple growers selling packaged processed products must carefully evaluate GST applicability vs farm produce exemptions."
"Kolhapur","Maharashtra","IN-MH","kolhapur","CGST Commissionerate, Pune","Pune Zone","Kagal MIDC (Five Star Industrial Area)|Shiroli MIDC|Shivaji Peth (Commercial)|Laxmipuri|Tarabai Park|Kasba Bawada","Engineering and auto components (Kagal, Shiroli)|Kolhapuri chappal (footwear)|Jaggery and sugarcane processing|Casting and foundry|Textiles","Maharashtra's engineering capital — Kolhapur's Kagal Five Star Industrial Area and Shiroli MIDC host hundreds of auto ancillary and engineering companies. The iconic Kolhapuri chappal is globally recognised.","Pune|Sangli|Satara|Belgaum","Kolhapur (ROC Maharashtra) sees high incorporation in auto ancillary units, casting companies, and footwear manufacturers. Kagal MIDC is a significant cluster for new industrial company formations.","Kolhapur's engineering exporters need systematic LUT and ITC management. Kolhapuri chappal manufacturers must correctly classify handmade vs machine-made footwear under GST — rates differ significantly."
"Roorkee","Uttarakhand","IN-UT","roorkee","CGST Commissionerate, Dehradun","Meerut Zone","SIDCUL Haridwar-Roorkee Corridor|Civil Lines (Commercial)|IIT Roorkee Campus Area|Ganesh Nagar Industrial Zone|Manglour Road","FMCG and consumer goods manufacturing (SIDCUL)|Scientific instruments|Engineering equipment|Education (IIT Roorkee)|Agricultural machinery","Home to Asia's oldest engineering college (IIT Roorkee) — Roorkee sits in the thriving Haridwar-Roorkee industrial corridor, attracting major FMCG and engineering companies through Uttarakhand's industrial incentives.","Haridwar|Dehradun|Muzaffarnagar|Saharanpur","Roorkee (ROC Uttarakhand, Dehradun) sees incorporation in FMCG manufacturers, engineering companies, and startup spinoffs from IIT Roorkee's incubation ecosystem.","Roorkee's FMCG manufacturers in the SIDCUL corridor benefit from Uttarakhand industrial incentives. Companies here must ensure correct GST registration category — many small manufacturers qualify for Composition Scheme."
"Saharanpur","Uttar Pradesh","IN-UP","saharanpur","CGST Commissionerate, Meerut","West UP Zone","Kutchery Road (Commercial)|Haridwar Road Industrial Area|Behat Road|Court Road|Ambala Road Corridor|Badshahi Bagh","Woodcraft and furniture (India's Woodcraft City)|Paper mills|Tobacco and bidi manufacturing|Sugar mills|Food processing","India's Woodcraft City — Saharanpur is India's largest woodcraft and wooden furniture cluster, producing intricately carved wooden items exported globally, alongside a major paper and sugar industry.","Dehradun|Muzaffarnagar|Roorkee|Ambala","Saharanpur (ROC UP, Kanpur) sees incorporation in woodcraft export companies, paper manufacturers, sugar mills, and food processing businesses. Exporters need IEC alongside GST registration.","Saharanpur's woodcraft exporters need LUT filing and zero-rated export compliance. Tobacco manufacturers must comply with both GST and central excise provisions for bidi and smokeless tobacco products."
"Muzaffarnagar","Uttar Pradesh","IN-UP","muzaffarnagar","CGST Commissionerate, Meerut","West UP Zone","Sugar Mill Area|Mansurpur Road Industrial Zone|Civil Lines (Commercial)|Budhana Road|Khatauli|Shamli Road Corridor","Sugar manufacturing (UP's sugar belt)|Jaggery (gur) production|Steel and iron trading|Paper mills|Agricultural equipment","The Sugar Capital of Uttar Pradesh — Muzaffarnagar has the highest density of sugar mills in India's largest sugarcane-growing state, alongside a major jaggery and iron trading economy.","Meerut|Saharanpur|Shamli|Bijnor","Muzaffarnagar (ROC UP, Kanpur) sees incorporation in sugar mills, jaggery processors, iron and steel traders, and agri-equipment manufacturers.","Muzaffarnagar's sugar mills have complex GST compliance — molasses, bagasse, and filter cake by-products have different GST treatments. Jaggery (gur) has specific GST exemption provisions that must be applied correctly."
"Bhavnagar","Gujarat","IN-GJ","bhavnagar","CGST Commissionerate, Rajkot","Rajkot Zone","Alang Ship Breaking Yard|Bhavnagar Industrial Estate|Ghogha Port Area|Nilambag (Commercial)|Vidyanagar Road","Ship breaking (Alang — world's largest ship breaking yard)|Cotton textiles and ginning|Diamond polishing|Chemicals|Port and logistics","Home to the world's largest ship breaking yard at Alang — Bhavnagar handles over 50% of global ship recycling. It is also a major cotton textiles and chemicals hub in Saurashtra.","Rajkot|Ahmedabad|Surendranagar|Junagadh","Bhavnagar (ROC Gujarat) sees unique incorporation needs from ship recycling companies, steel plate traders, chemical companies, and cotton ginning businesses.","Bhavnagar's ship breaking industry has unique GST provisions — imported ships for breaking have specific duty and GST treatment. Steel scrap from ship breaking has well-defined GST rates that must be applied correctly."
"Gandhinagar","Gujarat","IN-GJ","gandhinagar","CGST Commissionerate, Ahmedabad","Ahmedabad Zone","GIFT City (IFSC)|Infopark (IT Zone)|Gandhinagar Sector 16-28 (Commercial)|GIDC Chandkheda|Koba Circle|Adalaj","GIFT City financial services (IFSC)|Government and administration|IT services (Infopark)|Education (DAIICT, NIFT)|Electronics manufacturing","Gujarat's planned capital and home to India's only International Financial Services Centre — GIFT City in Gandhinagar is India's first operational smart city and a global fintech and financial services hub.","Ahmedabad|Mehsana|Kalol|Anand","Gandhinagar (ROC Gujarat) is the administrative capital with high government contractor incorporation. GIFT City entities have unique IFSC-specific company and GST structures requiring specialist expertise.","GIFT City entities are outside the ambit of regular GST — IFSC units deal in foreign currency and are treated as overseas suppliers. However, supporting businesses outside GIFT SEZ need regular GST registration. Expert guidance is critical."
"Dibrugarh","Assam","IN-AS","dibrugarh","CGST Commissionerate, Guwahati","Guwahati Zone","Lahowal Oil Fields Area|Chowkidinghee (Commercial)|AT Road|Dibrugarh University Area|Naharkatia|Duliajan (ONGC Township)","Tea cultivation and processing (Assam's tea capital)|Petroleum extraction (ONGC, Oil India)|Bamboo and timber|Healthcare|Education","The Tea City of the World — Dibrugarh is India's largest tea producing region and home to ONGC and Oil India's Upper Assam oil fields. It is also Northeast India's medical services hub.","Tinsukia|Jorhat|Sibsagar|Itanagar","Dibrugarh (ROC Assam, Guwahati) sees incorporation in tea export companies, oil field service providers, healthcare businesses, and bamboo industry companies.","Dibrugarh's tea companies must navigate GST on bulk vs packaged tea. Oil field service companies working as ONGC vendors need careful compliance on service categories and RCM provisions applicable to petroleum sector contracts."
